hours,radial_km,along_track_km,cross_track_km,radial_m_s,along_track_m_s,cross_track_m_s
0.0,-75.65471091779365,-1469.757404129127,-2.5006038906205674e-13,-59.455396682297604,38.71659672601187,0.0016038371415376096
0.015037593984962407,-78.86623685634551,-1467.6487393281539,0.0001233378078231706,-59.1925000950467,39.186523121989126,0.0015951624923100209
0.030075187969924814,-82.06350730292303,-1465.5146885273216,0.0002465559414952835,-58.92873627676862,39.65446715004469,0.0015864389803568384
0.045112781954887216,-85.24647543210438,-1463.3553592458,0.0003696500227923401,-58.664109687522334,40.12042128901319,0.001577666672334126
0.06015037593984963,-88.41509465951644,-1461.1708594094994,0.0004926156724901001,-58.398624794598675,40.584378047591315,0.0015688456372528793
0.07518796992481204,-91.56931864235364,-1458.961297349336,0.0006154485041125722,-58.13228607242028,41.046329964496394,0.0015599759479275259
0.09022556390977443,-94.70910127982768,-1456.7267817995432,0.0007381441082615625,-57.865098002448974,41.50626960860684,0.001551057678804061
0.10526315789473685,-97.83439671358184,-1454.467421895916,0.0008606980632025647,-57.59706507309011,41.96418957911317,0.0015420909082474372
0.12030075187969926,-100.94515932821781,-1452.1833271741182,0.000983105926946181,-57.32819177960503,42.42008250566477,0.0015330757162843893
0.13533834586466165,-104.04134375167995,-1449.8746075679678,0.0011053632379983032,-57.058482624025565,42.87394104851438,0.0015240121857657892
0.15037593984962408,-107.12290485568296,-1447.5413734077515,0.001227465509108603,-56.78794211507084,43.32575789866277,0.0015149004028340788
0.16541353383458648,-110.18979775615374,-1445.183735418506,0.0013494082341888695,-56.516574768065944,43.77552577800444,0.001505740456553591
0.18045112781954886,-113.24197781361211,-1442.8018047183498,0.0014711868783105937,-56.24438510486656,44.22323743946666,0.001496532437730417
0.19548872180451127,-116.27940063361137,-1440.3956928167734,0.001592796882872883,-55.971377653780266,44.66888566715788,0.0014872764417187736
0.2105263157894737,-119.30202206710278,-1437.9655116129436,0.0017142336687698927,-55.697556949495535,45.11246327650232,0.0014779725652289612
0.22556390977443613,-122.30979821081355,-1435.5113733940198,0.0018354926329733345,-55.422927533007524,45.55396311438616,0.0014686209090466417
0.2406015037593985,-125.30268540764267,-1433.0333908334644,0.0019565691469487605,-55.14749395155182,45.99337805929404,0.0014592215753331111
0.2556390977443609,-128.28064024696602,-1430.5316769893402,0.0020774585600730547,-54.871260758532685,46.430701021445806,0.0014497746703285828
0.2706766917293233,-131.24361956511137,-1428.0063453025973,0.0021981562044689346,-54.59423251345449,46.865924942945384,0.0014402803034208767
0.28571428571428575,-134.1915804455323,-1425.4575095953985,0.002318657388086613,-54.31641378185828,47.29904279790143,0.0014307385854765314
0.30075187969924816,-137.12448021925894,-1422.8852840693762,0.0024389574040393873,-54.0378091352536,47.7300475925787,0.0014211496315814094
0.3157894736842105,-140.04227646519067,-1420.2897833039342,0.0025590515268527313,-53.75842315105261,48.1589323655238,0.001411513558572018
0.33082706766917297,-142.9449270103819,-1417.6711222545218,0.0026789350152149616,-53.478260412509826,48.58569018770399,0.0014018304874668644
0.3458646616541353,-145.83238993032873,-1415.0294162508924,0.002798603115478082,-53.19732550865014,49.01031416263705,0.0013921005408342676
0.3609022556390977,-148.70462354931735,-1412.364780995375,0.002918051057073344,-52.91562303420893,49.432797426529234,0.0013823238452521458
0.3759398496240602,-151.56158644059383,-1409.6773325610977,0.0030372740607632377,-52.633157589565364,49.85313314839886,0.0013725005295324919
0.39097744360902253,-154.40323742670842,-1406.967187390246,0.003156267336307597,-52.34993378067768,50.271314530209885,0.001362630725213684
0.406015037593985,-157.22953557970163,-1404.2344622922744,0.0032750260812966503,-52.065956219014936,50.68733480699997,0.001352714567250082
0.4210526315789474,-160.0404402213598,-1401.479274442115,0.0033935454853186928,-51.78122952149379,51.101187247006834,0.0013427521927679136
0.43609022556390975,-162.83591092339537,-1398.7017413783708,0.0035118207307936224,-51.4957583104064,51.51286515179111,0.0013327437418046318
0.45112781954887227,-165.61590750767706,-1395.9019810015188,0.003629846980886687,-51.209547213355556,51.92236185636411,0.0013226893577354703
0.4661654135338346,-168.38039004637622,-1393.0801115720283,0.003747619401763859,-50.92260086317942,52.32967072930509,0.0013125891863172514
0.481203007518797,-171.1293188621709,-1390.2362517085373,0.0038651331429204183,-50.634923897885066,52.73478517288516,0.0013024433760936125
0.4962406015037594,-173.86265452834277,-1387.370520385968,0.003982383348517023,-50.346520960568625,53.13769862318653,0.0012922520794969362
0.5112781954887218,-176.5803578688818,-1384.483036933668,0.004099365136207931,-50.05739669934838,53.538404550205385,0.0012820154501823901
0.5263157894736843,-179.28238995866766,-1381.5739210334436,0.004216073620896734,-49.76755576727867,53.93689645798453,0.0012717336459995836
0.5413533834586466,-181.9687121234972,-1378.6432927176634,0.0043325038968153665,-49.477002822276596,54.333167884709944,0.0012614068270837403
0.5563909774436091,-184.63928594013575,-1375.6912723673156,0.004448651030605766,-49.18574252703782,54.72721240282556,0.0012510351572028971
0.5714285714285715,-187.29407323636562,-1372.7179807099985,0.004564510069071746,-48.89377954895396,55.119023619135206,0.0012406188028159307
0.5864661654135338,-189.93303609103904,-1369.7235388179392,0.004680076027592864,-48.60111856002418,55.5085951749123,0.0012301579335879764
0.6015037593984963,-192.5561368340053,-1366.7080681059683,0.004795343887290405,-48.30776423676577,55.895920745992456,0.001219652723193772
0.6165413533834587,-195.16333804609542,-1363.6716903294976,0.004910308576689618,-48.01372126012599,56.28099404287422,0.0012091033483330282
0.631578947368421,-197.75460255907365,-1360.6145275823824,0.005024964991641196,-47.718994315381316,56.66380881081108,0.0011985099894591255
0.6466165413533834,-200.3298934608819,-1357.5367022959454,0.005139307994070971,-47.42358809220996,57.044358830352714,0.0011878728305054081
0.6616541353383459,-202.88917414870792,-1354.4383372468646,0.005253332731056971,-47.12750728618008,57.42263792193749,0.0011771920556291606
0.6766917293233082,-205.43240825398178,-1351.3195555392829,0.005367034178302508,-46.83075659625696,57.79863993967496,0.0011664678508929397
0.6917293233082706,-207.95955965821847,-1348.180480606471,0.005480407211736794,-46.53334072523219,58.17235877276428,0.001155700409738674
0.7067669172932332,-210.47059250649986,-1345.021236211141,0.005593446678865514,-46.23526438001936,58.54378834672162,0.0011448899266213559
0.7218045112781954,-212.96547114760793,-1341.8419464475169,0.005706147570062187,-45.93653227247089,58.91292261875678,0.0011340365940267245
0.736842105263158,-215.44416017475518,-1338.6427357384325,0.005818504942383101,-45.637149118864336,59.27975558109449,0.0011231406088802263
0.7518796992481204,-217.9066244774195,-1335.4237288285585,0.00593051370543227,-45.337119638952124,59.64428126515813,0.001112202174516273
0.7669172932330828,-220.35282919848322,-1332.1850507844672,0.006042168779149537,-45.036448556462624,60.006493738286004,0.0011012214950477353
0.7819548872180451,-222.78273973479392,-1328.9268269927557,0.006153465071388493,-44.735140599040534,60.366387103882616,0.001090198779272461
0.7969924812030076,-225.196321737693,-1325.6491831580622,0.006264397499088255,-44.433200498181364,60.72395550155981,0.0010791342374670164
0.81203007518797,-227.59354111358746,-1322.3522453011765,0.006374960959433171,-44.13063298917379,61.07919310728908,0.001068028085058599
0.8270676691729323,-229.97436402438066,-1319.036139757031,0.006485150357859581,-43.82744281103934,61.43209413352762,0.0010568805377338928
0.8421052631578948,-232.33875688799495,-1315.70099317281,0.006594960583299839,-43.52363470647878,61.78265282936947,0.001045691815157192
0.8571428571428572,-234.68668637883312,-1312.3469325059314,0.006704386520185214,-43.219213421810885,62.13086348068217,0.0010344621411232477
0.8721804511278195,-237.0181194281593,-1308.974085022094,0.006813423050779782,-42.91418370692274,62.476720410231586,0.0010231917407491273
0.8872180451127819,-239.33302322452235,-1305.5825782933125,0.006922065047178499,-42.60855031521447,62.82021797782419,0.0010118808431792718
0.9022556390977445,-241.63136521412738,-1302.172540195906,0.007030307379142422,-42.3023180035482,63.161350580427765,0.0010005296795273769
0.9172932330827068,-243.91311310115594,-1298.7440989085362,0.007138144906263487,-41.995491532195125,63.500112652304026,0.0009891384850269323
0.9323308270676692,-246.17823484809756,-1295.297382910162,0.00724557249055088,-41.68807566478471,63.836498665130556,0.0009777074978333184
0.9473684210526316,-248.42669867601552,-1291.8325209780799,0.0073525849799270515,-41.380075168257704,64.17050312811884,0.0009662369572073988
0.962406015037594,-250.65847306481913,-1288.3496421858597,0.007459177227148953,-41.071494812811395,64.50212058813975,0.0009547271074895769
0.9774436090225564,-252.87352675346173,-1284.8488759013344,0.0075653440777217855,-40.76233937185418,64.83134562983258,0.0009431781943247977
0.9924812030075189,-255.07182874012136,-1281.3303517845582,0.007671080383985732,-40.45261362195361,65.15817287572006,0.0009315904674671368
1.0075187969924813,-257.2533482824121,-1277.794199785778,0.007776380981943699,-40.14232234278829,65.48259698632081,0.0009199641786292605
1.0225563909774436,-259.4180548974299,-1274.240550143336,0.007881240725853,-39.831470317100596,65.80461266025047,0.0009082995822679948
1.037593984962406,-261.5659183618998,-1270.6695333816417,0.00798565445988518,-39.520062330642986,66.12421463432888,0.0008965969359220132
1.0526315789473686,-263.6969087122014,-1267.0812803090698,0.008089617037797432,-39.20810317213265,66.44139768367747,0.0008848564990210422
1.0676691729323309,-265.8109962443938,-1263.4759220159085,0.008193123305928491,-38.89559763320024,66.75615662181922,0.0008730785355980298
1.0827067669172932,-267.9081515141845,-1259.8535898722232,0.008296168126037482,-38.58255050833606,67.06848630076601,0.0008612633105390304
1.0977443609022557,-269.98834533690655,-1256.2144155257747,0.008398746356799453,-38.2689665948453,67.37838161111259,0.0008494110926721619
1.1127819548872182,-272.0515487873926,-1252.5585308998911,0.00850085287055942,-37.954850692792945,67.68583748211874,0.0008375221516502123
1.1278195488721805,-274.0977331998435,-1248.8860681913825,0.008602482529493274,-37.640207604952124,67.99084888179048,0.0008255967618464924
1.142857142857143,-276.1268701676768,-1245.1971598683401,0.008703630214364731,-37.32504213674797,68.29341081696187,0.0008136352002042973
1.1578947368421053,-278.13893154329713,-1241.4919386680374,0.008804290808771525,-37.00935909621231,68.59351833335971,0.0008016377450212284
1.1729323308270676,-280.1338894378153,-1237.7705375947792,0.008904459201479302,-36.69316329391966,68.89116651567686,0.0007896046788533115
1.1879699248120303,-282.11171622082065,-1234.033089917698,0.009004130285004616,-36.37645954293655,69.18635048763772,0.0007775362866061698
1.2030075187969926,-284.0723845199694,-1230.2797291686288,0.009103298949530124,-36.05925265876471,69.47906541205467,0.0007654328568431215
1.218045112781955,-286.01586722061404,-1226.510589139879,0.009201960107910623,-35.74154745927989,69.76930649088057,0.0007532946807614514
1.2330827067669174,-287.9421374654221,-1222.7258038820723,0.009300108652912729,-35.42334876467717,70.05706896526307,0.0007411220535964824
1.2481203007518797,-289.85116865381065,-1218.9255077019363,0.0093977394904729,-35.10466139740875,70.34234811558467,0.0007289152744154077
1.263157894736842,-291.74293444148526,-1215.1098351600706,0.009494847524693824,-34.785490182121926,70.62513926150159,0.0007166746455058988
1.2781954887218046,-293.61740873985246,-1211.2789210687547,0.009591427650592656,-34.46583994559982,70.90543776197859,0.0007044004731190176
1.2932330827067668,-295.4745657561903,-1207.4329004954827,0.009687474836704308,-34.145715517608636,71.1832390188319,0.0006920930627202573
1.3082706766917296,-297.3143799755576,-1203.571908757015,0.009782984084071543,-33.825121730337926,71.45853847528429,0.0006797527166719359
1.3233082706766919,-299.1368261157574,-1199.6960814110628,0.009877950333889336,-33.50406341734294,71.7313316121546,0.0006673797463579739
1.3383458646616542,-300.9418791611653,-1195.8055542591749,0.009972368523935172,-33.18254541426384,72.00161395083633,0.0006549744650071348
1.3533834586466165,-302.7295143628962,-1191.9004633443549,0.01006623357698291,-32.860572558757134,72.26938105339528,0.0006425371893352556
1.368421052631579,-304.4997072392914,-1187.9809449485756,0.01015954040130291,-32.53814969041796,72.53462852268927,0.0006300682382371494
1.3834586466165413,-306.2524335765552,-1184.0471355903194,0.010252283893662749,-32.215281650706956,72.79735200250013,0.0006175679336219402
1.398496240601504,-307.98766942943405,-1180.0991720221998,0.010344458908069683,-31.891973282876254,73.05754717767186,0.0006050366003455238
1.4135338345864663,-309.7053911219984,-1176.1371912284071,0.010436060278526133,-31.56822943189934,73.31520977424807,0.0005924745651121941
1.4285714285714286,-311.40557518422867,-1172.161330426891,0.010527083127604211,-31.244054945347504,73.57033555456735,0.0005798821556784094
1.443609022556391,-313.08819840309917,-1168.1717270657825,0.010617522644225386,-30.91945467279238,73.8229203213603,0.0005672597010091961
1.4586466165413536,-314.75323786561904,-1164.1685188167783,0.010707373833433384,-30.594433465012152,74.07295992121415,0.000554607536069764
1.473684210526316,-316.4006709184733,-1160.151843575033,0.010796631721943836,-30.268996174484858,74.32045024147675,0.0005419259980896097
1.4887218045112784,-318.0304751687564,-1156.121839456964,0.010885291365729435,-29.94314765534522,74.56538721039522,0.0005292154277248751
1.5037593984962407,-319.6426284846319,-1152.0786447981566,0.01097334782784792,-29.61689276335355,74.80776679724663,0.0005164761671637392
1.518796992481203,-321.2371089958152,-1148.0223981511588,0.011060796207865847,-29.29023635585468,75.04758501245789,0.0005037085617970856
1.5338345864661656,-322.8138950942482,-1143.9532382833559,0.011147631604266177,-28.96318329174868,75.28483790773707,0.0004909129587362295
1.5488721804511278,-324.3729654344904,-1139.871304174717,0.011233849148789901,-28.635738431449564,75.5195215761867,0.00047808970916251594
1.5639097744360901,-325.91429893422514,-1135.7767350156387,0.011319443976428797,-28.30790663685164,75.7516321524157,0.00046523916570757087
1.5789473684210524,-327.4378747746459,-1131.6696702047095,0.011404411241095879,-27.97969277129851,75.9811658126535,0.00045236168318555156
1.5939849624060152,-328.9436724008452,-1127.5502493464521,0.011488746112541318,-27.65110169954013,76.20811877485255,0.0004394576202247128
1.6090225563909775,-330.43167152203847,-1123.418612249114,0.011572443769184045,-27.322138287707762,76.43248729878626,0.00042652733635973515
1.62406015037594,-331.901852111896,-1119.274898922391,0.011655499404113201,-26.992807403271463,76.65426768614758,0.00041357119427113
1.6390977443609023,-333.3541944087314,-1115.1192495751352,0.011737908230756173,-26.66311391500786,76.87345628064152,0.00040058955917384625
1.6541353383458646,-334.7886789155916,-1110.9518046131225,0.011819665466207899,-26.33306269296729,77.09004946806206,0.00038758279798193685
1.6691729323308273,-336.2052864004231,-1106.7727046367388,0.011900766340733164,-26.00265860843625,77.304043676382,0.0003745512802647491
1.6842105263157896,-337.6039978960644,-1102.582090438657,0.011981206109602793,-25.671906533905553,77.51543537582324,0.00036149537748979266
1.699248120300752,-338.98479470023847,-1098.3801030015823,0.012060980027670844,-25.340811343032293,77.72422107892537,0.0003484154632466799
1.7142857142857144,-340.3476583754712,-1094.166883495881,0.012140083381799102,-25.009377910605753,77.93039734061165,0.0003353119136523516
1.729323308270677,-341.69257074897837,-1089.9425732773122,0.01221851146785153,-24.67761111251588,78.13396075825011,0.00032218510689253194
1.744360902255639,-343.0195139124534,-1085.707313884674,0.012296259588777132,-24.345515825713505,78.33490797169895,0.0003090354226067813
1.7593984962406017,-344.32847022180357,-1081.4612470374734,0.012373323089284998,-24.013096928179554,78.53323566336208,0.0002958632440034892
1.7744360902255638,-345.6194222968531,-1077.2045146335984,0.01244969732058579,-23.68035929888488,78.72894055821826,0.0002826689544047928
1.7894736842105263,-346.89235302095483,-1072.9372587469848,0.012525377662063637,-23.347307817760914,78.92201942386771,0.00026945294082607015
1.804511278195489,-348.1472455405444,-1068.65962162528,0.012600359517942004,-23.013947365661085,79.11246907055086,0.00025621559253276787
1.8195488721804511,-349.38408326466435,-1064.3717456874983,0.012674638316283442,-22.68028282432625,79.30028635117411,0.00024295730086978018
1.8345864661654137,-350.6028498643165,-1060.0737735216862,0.012748209527910833,-22.346319076350607,79.48546816131987,0.00022967845980174936
1.849624060150376,-351.80352927190904,-1055.7658478825877,0.01282106864590243,-22.012061005146567,79.66801143925727,0.00021637946513105178
1.8646616541353385,-352.9861056805206,-1051.4481116893091,0.012893211201845788,-21.677513494908176,79.84791316594485,0.00020306071700024363
1.8796992481203008,-354.1505635430976,-1047.1207080230033,0.012964632767421477,-21.34268143058356,80.02517036501928,0.00018972261791569747
1.8947368421052633,-355.2968875716367,-1042.7837801245087,0.013035328969156646,-21.007569697828032,80.19978010278057,0.00017636557375355709
1.9097744360902256,-356.42506273627953,-1038.437471392111,0.013105295459834784,-20.67218318298691,80.37173948817622,0.00016298999453108793
1.924812030075188,-357.5350742647225,-1034.0819253791424,0.013174527972675473,-20.336526773049318,80.5410456728009,0.00014959629383438496
1.9398496240601506,-358.6269076956774,-1029.7172857962967,0.013243022125787162,-20.00060535635564,80.70769585563903,0.00013618487748271816
1.954887218045113,-359.70054883317346,-1025.3436965040264,0.013310773583622825,-19.66442382183436,80.87168727915002,0.0001227561507977119
1.9699248120300756,-360.75598371849384,-1020.9613015085991,0.013377778111909894,-19.32798705863877,81.03301722685086,0.00010931052746143566
1.9849624060150377,-361.7931986603212,-1016.5702449626295,0.013444031463456015,-18.991299956549092,81.19168302599631,9.584842315009558e-05
2.0000000000000004,-362.8121802345439,-1012.1706711624158,0.013509529443748221,-18.654367405912595,81.3476820476142,8.237025563000908e-05
2.0150375939849625,-363.8129152842345,-1007.7627245455836,0.013574267850605028,-18.317194297609078,81.50101170655752,6.887644415687558e-05
2.030075187969925,-364.79539091988835,-1003.3465496885069,0.013638242487763047,-17.97978552300106,81.65166946157471,5.53674103253285e-05
2.045112781954887,-365.75959451964843,-998.9222913037603,0.013701449189466256,-17.642145973884954,81.79965281537885,4.184357684259449e-05
2.0601503759398496,-366.7055137298044,-994.4900942376928,0.013763883776955494,-17.304280542453313,81.94495931474098,2.830536939821882e-05
2.075187969924812,-367.6331364654197,-990.0501034678438,0.013825542082057489,-16.966194121241188,82.0875865505861,1.4753215256439395e-05
2.0902255639097747,-368.54245091107424,-985.6024641004227,0.0138864199216787,-16.62789160308365,82.22753215810884,1.1875437289500496e-06
2.105263157894737,-369.43344552179144,-981.1473213677216,0.013946513106057306,-16.289377881060975,82.36479381688878,-1.2391213970838523e-05
2.1203007518796992,-370.3061090241195,-976.6848206255704,0.014005817404671647,-15.950657848451504,82.49936925103266,-2.598262445764833e-05
2.1353383458646618,-371.1604303838933,-972.2151073529375,0.014064328815013459,-15.611736399145638,82.63125622668177,-3.9586253741917516e-05
2.1503759398496243,-371.99639877372323,-967.7383271536189,0.014122043779723646,-15.272618428246355,82.76045254950957,-5.320166880093839e-05
2.1654135338345863,-372.8140036891596,-963.2546257458066,0.014178958389233056,-14.933308830379012,82.88695607389556,-6.682843055494622e-05
2.180451127819549,-373.6132348907363,-958.7641489622125,0.014235068746558908,-14.593812500372787,83.01076469841558,-8.046609871205388e-05
2.1954887218045114,-374.3940824016292,-954.2670427479202,0.014290371012649081,-14.25413433327453,83.13187636570412,-9.411423196731015e-05
2.210526315789474,-375.1565365083531,-949.763453158087,0.01434486139908868,-13.914279224330242,83.25028906255841,-0.0001077723859552438
2.2255639097744364,-375.90058776140285,-945.2535263556234,0.014398536151762759,-13.574252068962961,83.36600082003515,-0.00012144011567410815
2.240601503759399,-376.6262269757947,-940.737408608871,0.014451391556774421,-13.234057762750352,83.4790097135359,-0.00013511697468609378
2.255639097744361,-377.333445231611,-936.2152462891785,0.014503423930359045,-12.893701201398427,83.58931386290006,-0.0001488025140687182
2.2706766917293235,-378.02223387431354,-931.6871858685788,0.014554629628428257,-12.55318728072108,83.69691143246654,-0.00016249628438763484
2.285714285714286,-378.69258451522387,-927.1533739173587,0.014605005027440313,-12.212520896615825,83.80180063116069,-0.000176197834775989
2.300751879699248,-379.34448903166077,-922.6139571016375,0.014654546551865063,-11.871706945035662,83.90397971254235,-0.00018990671181826996
2.3157894736842106,-379.97793956727566,-918.0690821809619,0.014703250641634425,-11.530750321968867,84.0034469748749,-0.0002036224622944705
2.330827067669173,-380.59292853204914,-913.5188960059069,0.014751113757143592,-11.189655923413564,84.10020076116126,-0.00021734463101888356
2.345864661654135,-381.18944860245733,-908.9635455155438,0.014798132397422087,-10.848428645349724,84.19423945919954,-0.00023107276137684856
2.3609022556390977,-381.7674927213411,-904.4031777350635,0.014844303089881286,-10.507073383717135,84.28556150160522,-0.00024480639590415275
2.3759398496240607,-382.327054097849,-899.8379397733439,0.014889622369642763,-10.16559503439375,84.37416536584406,-0.0002585450760737548
2.3909774436090223,-382.8681262072351,-895.2679788203772,0.01493408683034222,-9.823998493162188,84.46004957424987,-0.0002722883416630641
2.4060150375939853,-383.3907027905702,-890.6934421449604,0.014977693072867112,-9.4822886556968,84.54321269403422,-0.00028603573169946666
2.4210526315789473,-383.8947778543858,-886.1144770921205,0.015020437747700205,-9.140470417531732,84.62365333729072,-0.0002997867835254635
2.43609022556391,-384.38034567027154,-881.531231080735,0.015062317533581088,-8.798548674042912,84.70137016098715,-0.0003135410341174302
2.451127819548872,-384.8474007742939,-876.9438516010594,0.01510332915463531,-8.45652832042359,84.77636186695474,-0.00032729801819101
2.466165413533835,-385.2959379664128,-872.3524862122766,0.015143469378957374,-8.114414251664497,84.84862720186341,-0.00034105726983623465
2.481203007518797,-385.7259523097901,-867.7572825400939,0.015182735023820323,-7.772211362532008,84.9181649571915,-0.0003548183210885706
2.4962406015037595,-386.13743912997654,-863.1583882742824,0.01522112297297159,-7.4299245475503675,84.98497396918705,-0.0003685807026718331
2.511278195488722,-386.5303940140391,-858.5559511663115,0.015258630172381967,-7.087558700981757,85.04905311881537,-0.00038234394314507907
2.526315789473684,-386.90481280962746,-853.9501190269573,0.015295253632996268,-6.745118716813918,85.11040133170434,-0.0003961075693682615
2.5413533834586466,-387.2606916238898,-849.3410397239043,0.015330990450071339,-6.402609488741421,85.16901757807787,-0.00040987110520124167
2.556390977443609,-387.59802682229997,-844.7288611793873,0.015365837829098977,-6.06003591015345,85.22490087267322,-0.0004236340728189954
2.571428571428571,-387.91681502748327,-840.113731367926,0.015399793049338797,-5.717402874125227,85.27805027466205,-0.00043739599059306464
2.5864661654135337,-388.21705315184204,-835.4957983146577,0.015432853295485908,-5.374715273522427,85.32846489056142,-0.00045115638097923934
2.6015037593984967,-388.49873841243465,-830.8752100921499,0.015465015512802598,-5.031978000955583,85.37614387560367,-0.00046491477619071665
2.616541353383459,-388.76186824466185,-826.2521148162436,0.01549627700463763,-4.6891959484495205,85.42108642610683,-0.00047867069854821146
2.6315789473684212,-389.0064403493628,-821.6266606453923,0.015526635118517105,-4.346374007646736,85.4632917836473,-0.0004924236688652832
2.6466165413533838,-389.2324526934878,-816.9989957781215,0.015556087233641437,-4.003517069781863,85.5027592351402,-0.0005061732070348477
2.661654135338346,-389.4399035097351,-812.3692684505351,0.015584630768137112,-3.660630025658676,85.53948811282436,-0.0005199188322708895
2.6766917293233083,-389.6287912962618,-807.737626933786,0.015612263180640393,-3.317717765620581,85.57347779425339,-0.0005336600630658075
2.691729323308271,-389.79911481662845,-803.1042195315549,0.015638981974548355,-2.9747851795239546,85.60472770230747,-0.0005473964168100711
2.706766917293233,-389.9508730998251,-798.4691945775802,0.01566478468372377,-2.6318371567188223,85.6332373052111,-0.0005611274104462686
2.7218045112781954,-390.08406544042003,-793.8327004331028,0.01568966889429202,-2.2888785860102807,85.65900611655626,-0.0005748525590330445
2.736842105263158,-390.19869139892086,-789.1948854843803,0.015713632220093518,-1.945914355638619,85.68203369534199,-0.0005885713784608225
2.751879699248121,-390.2947508022093,-784.5558981401755,0.015736672304392456,-1.6029493532482182,85.70231964602976,-0.0006022833820571518
2.7669172932330826,-390.3722437440801,-779.9158868291574,0.015758786835297182,-1.2599884658523632,85.7198636185898,-0.0006159880843226025
2.7819548872180455,-390.43117058607237,-775.2749999974361,0.015779973488788117,-0.9170365798039272,85.73466530858629,-0.0006296849968358557
2.796992481203008,-390.4715319582094,-770.6333861058996,0.01580022996901915,-0.5740985807568507,85.74672445724073,-0.0006433736321104541
2.81203007518797,-390.4933287600172,-765.9911936276366,0.01581955397960237,-0.23117935362450337,85.75604085152794,-0.0006570535010248198
2.8270676691729326,-390.496562161648,-761.3485710452943,0.01583794320427008,0.11171621745897913,85.76261432427188,-0.000670724115015449
2.842105263157895,-390.4812336049882,-756.7056668484104,0.015855395311000768,0.45458324918661913,85.76644475424588,-0.0006843849837095408
2.857142857142857,-390.44734473706666,-752.062629535601,0.015871908526324467,0.7974168581624936,85.76753206094244,-0.0006980356184405071
2.8721804511278197,-390.39489745852075,-747.4196076111291,0.015887481252730394,1.1402121613924026,85.7658762083932,-0.0007116755293900666
2.887218045112782,-390.32389397879626,-742.7767495771881,0.015902111562086235,1.4829642771990794,85.76147720950553,-0.000725304224998178
2.9022556390977443,-390.23433676923077,-738.1342039338264,0.01591579758398196,1.8256683246518701,85.7543351223877,-0.0007389212140709254
2.9172932330827073,-390.12622856374895,-733.4921191765806,0.015928537511814608,2.168319423591584,85.74445005040427,-0.0007525260038716915
2.932330827067669,-389.9995723595061,-728.8506437941064,0.015940329605663994,2.51091269464218,85.73182214223368,-0.0007661181020761937
2.947368421052632,-389.85437141746684,-724.2099262657298,0.015951172164536,2.8534432592359673,85.71645159192055,-0.0007796970160011342
2.962406015037594,-389.69062926282237,-719.5701150590472,0.015961063540949425,3.195906239629669,85.69833863890636,-0.0007932622533542219
2.977443609022557,-389.5083496853502,-714.9313586274775,0.015970002137685214,3.538296758928777,85.67748356806665,-0.0008068133205883884
2.9924812030075185,-389.30753673972885,-710.2938054078006,0.015977986385989518,3.8806099411059027,85.65388670972865,-0.0008203497253402504
3.0075187969924815,-389.0881947456285,-705.6576038176931,0.01598501476107743,4.222840911025136,85.627548439683,-0.0008338709739774287
3.022556390977444,-388.85032828779896,-701.0229022532578,0.01599108578063265,4.564984794458123,85.5984691791871,-0.0008473765739268182
3.037593984962406,-388.5939422160455,-696.3898490865474,0.01599619799772241,4.907036718111096,85.5666493949561,-0.0008608660321070044
3.0526315789473686,-388.31904164505136,-691.7585926630953,0.01600035000300635,5.248991809643037,85.53208959914652,-0.0008743388549709187
3.067669172932331,-388.0256319541533,-687.1292812994277,0.016003540435322428,5.590845197682743,85.49479034933141,-0.0008877945497144063
3.082706766917293,-387.71371878697363,-682.5020632806245,0.016005767969142198,5.932592011850601,85.45475224845734,-0.0009012326238390086
3.0977443609022557,-387.38330805097826,-677.877086857815,0.016007031332033364,6.274227382778449,85.41197594480589,-0.0009146525834884061
3.1127819548872186,-387.03440591686643,-673.2545002457864,0.016007329308994178,6.615746442118486,85.36646213192903,-0.00092805393598641
3.1278195488721803,-386.66701881793415,-668.634451620498,0.016006660743662048,6.957144322566433,85.31821154858258,-0.0009414361878428254
3.1428571428571432,-386.2811534492835,-664.0170891167076,0.01600502455319213,7.298416157867758,85.26722497865144,-0.0009547988459691284
3.157894736842105,-385.87681676691227,-659.4025608255613,0.016002419725715065,7.6395570828304145,85.21350325105874,-0.0009681414160575639
3.172932330827068,-385.4540159867028,-654.7910147922228,0.015998845345551384,7.980562233336071,85.15704723966059,-0.0009814634040314265
3.1879699248120303,-385.01275858332826,-650.1825990135405,0.01599430060596459,8.321426746337778,85.09785786314583,-0.0009947643146196606
3.203007518796993,-384.55305228899937,-645.5774614357265,0.015988784806077096,8.662145759872153,85.03593608490186,-0.0010080436522170787
3.218045112781955,-384.0749050921214,-640.9757499520897,0.01598229739821497,9.00271441305114,84.97128291288978,-0.0010213009197682108
3.2330827067669174,-383.5783252400966,-636.3776124006429,0.01597483791780769,9.343127846089544,84.90389939987352,-0.0010345356195635388
3.24812030075188,-383.0633213079591,-631.7831965583379,0.015966405270966075,9.68338120081205,84.83378664954157,-0.0010477472638073548
3.263157894736842,-382.52990210755684,-627.1926501413361,0.01595699871538587,10.023469620151978,84.7609458084112,-0.0010609353630190654
3.2781954887218046,-381.9780766943413,-622.6061208035076,0.015946617720230538,10.363388248135465,84.68537806638885,-0.0010740994257417127
3.2932330827067675,-381.4078543879627,-618.023756133177,0.01593526182447208,10.703132230032741,84.60708465859099,-0.0010872389603868195
3.308270676691729,-380.8192447715858,-613.445703650685,0.015922930600840643,11.04269671237422,84.52606686526379,-0.001100353475468991
3.3233082706766917,-380.212257691268,-608.8721108059219,0.0159096236804138,11.3820768429699,84.44232601170776,-0.0011134424800075882
3.3383458646616546,-379.5869032555248,-604.303124975869,0.01589534075895141,11.721267770928437,84.35586346821684,-0.001126505483594264
3.3533834586466167,-378.9431918350293,-599.7388934621966,0.015880081567180113,12.06026464667126,84.26668065003538,-0.0011395419956109487
3.368421052631579,-378.28113406230136,-595.1795634887692,0.015863845930015955,12.39906262195878,84.17477901729956,-0.001152551526697906
3.383458646616541,-377.60074083169644,-590.6252821992854,0.015846633721928627,12.737656849904909,84.08016007501676,-0.0011655335873674328
3.398496240601504,-376.90202329943554,-586.0761966547944,0.01582844488094482,13.076042485001853,83.98282537304188,-0.0011784876887147827
3.4135338345864663,-376.1849928836704,-581.532453831292,0.015809279413816178,13.414214683141752,83.88277650605144,-0.0011914133428020629
3.428571428571429,-375.44966126488015,-576.9942006172618,0.01578913737680628,13.752168601643262,83.78001511355266,-0.001204310061538533
3.4436090225563913,-374.6960403861285,-572.461583811252,0.01576801888231727,14.089899399274143,83.67454287987623,-0.0012171773583619346
3.458646616541354,-373.9241424536333,-567.9347501193693,0.015745924098348053,14.427402236287387,83.5663615341889,-0.001230014746727783
3.473684210526316,-373.1339799373455,-563.4138461527998,0.015722853219945737,14.764672274449671,83.45547285051732,-0.0012428217408949355
3.488721804511278,-372.32556557167175,-558.8990184253391,0.015698806484334277,15.10170467707348,83.34187864777405,-0.001255597855740751
3.503759398496241,-371.4989123562914,-554.3904133508191,0.015673784138906747,15.43849460906061,83.22558078979083,-0.0012683426068464025
3.5187969924812035,-370.65403355710015,-549.888177240578,0.015647786451269442,15.77503723694083,83.10658118536156,-0.0012810555114388467
3.5338345864661656,-369.79094270724505,-545.3924563008587,0.015620813669815683,16.11132772891659,82.98488178829892,-0.001293736086492664
3.5488721804511276,-368.90965360824606,-540.9033966301995,0.015592866027976842,16.447361254911655,82.8604845974863,-0.0013063838508201673
3.5639097744360906,-368.0101803312575,-536.4211442167832,0.015563943725342786,16.783132986625795,82.73339165694502,-0.001318998323567805
3.5789473684210527,-367.09253717054264,-531.9458449391174,0.015534047393774442,17.118638096929732,82.60360505214152,-0.0013315790256522196
3.593984962406015,-366.1567386324935,-527.4776445666217,0.015503178268153365,17.45387175955371,82.47112690908334,-0.001344125478850271
3.609022556390978,-365.2027995479844,-523.0166887487413,0.015471336993260268,17.788829150697442,82.33595940312547,-0.001356637204846398
3.6240601503759398,-364.230735008153,-518.5631230155591,0.015438524271973227,18.123505448303234,82.19810475387145,-0.0013691137265264988
3.6390977443609023,-363.2405603637529,-514.1170927755571,0.015404740874144828,18.45789583206116,82.05756522509095,-0.0013815545675975869
3.654135338345865,-362.23229122567176,-509.67874331328215,0.015369987624265849,18.791995483432707,81.91434312472082,-0.001393959252961024
3.6691729323308273,-361.20594346526076,-505.2482197869639,0.015334265424637528,19.125799585678784,81.76844080484832,-0.0014063273093416883
3.68421052631579,-360.16153321471324,-500.82566722622124,0.0152975752046093,19.459303323878615,81.61986066170525,-0.0014186582633613734
3.699248120300752,-359.09907686709494,-496.41123052964,0.015259917957004265,19.792501884957108,81.46860513562476,-0.0014309516438635059
3.7142857142857144,-358.018591076401,-492.0050544624431,0.015221294722282024,20.12539045770864,81.3146767110011,-0.0014432069804593067
3.729323308270677,-356.92009275746494,-487.60728365412353,0.015181706586329816,20.4579642328171,81.15807791623922,-0.0014554238039223564
3.7443609022556394,-355.80359908567914,-483.21806259608707,0.015141154696591413,20.79021840287994,80.99881132368232,-0.0014676016468390856
3.7593984962406015,-354.66912749666045,-478.8375356393096,0.015099640245146368,21.12214816242772,80.8368795495359,-0.0014797400425388396
3.7744360902255645,-353.5166956856942,-474.4658469920096,0.015057164497216894,21.453748707940324,80.67228525377683,-0.001491838525577304
3.7894736842105265,-352.34632160720474,-470.10314071735513,0.015013728777081136,21.78501523786447,80.50503114005325,-0.001503896632358562
3.8045112781954886,-351.1580234738678,-465.7495607311544,0.014969334502081379,22.115942952625257,80.33511995556395,-0.0015159139001184763
3.819548872180451,-349.951819755841,-461.40525079962515,0.014923983167245336,22.44652705463777,80.16255449093826,-0.0015278898673050316
3.834586466165414,-348.72772917965176,-457.0703545371594,0.01487767637812741,22.7767627483119,79.98733758009053,-0.0015398240737027461
3.849624060150376,-347.4857707270724,-452.74501540414155,0.01483041585910237,23.10664524005672,79.8094721000705,-0.0015517160600772113
3.8646616541353382,-346.225963633835,-448.4293767048066,0.01478220347341185,23.436169738278334,79.6289609708972,-0.0015635653689962056
3.879699248120301,-344.9483273881809,-444.12358158512546,0.014733041241710501,23.76533145337526,79.44580715538255,-0.0015753715431092638
3.8947368421052633,-343.6528817461713,-439.82777302894686,0.014682931136808085,24.09412559801855,79.26001366044761,-0.0015871341268290085
3.909774436090226,-342.339646788408,-435.54209384847104,0.014631874284393121,24.42254738823811,79.07158354215667,-0.0015988526685456706
3.924812030075188,-341.0086428066252,-431.26668669381115,0.014579872503279849,24.750592041526165,78.88051989553381,-0.00161052671817441
3.9398496240601513,-339.6598903455634,-427.0016940471644,0.014526927743084929,25.07825477751803,78.68682585823093,-0.0016221558269029373
3.954887218045113,-338.29341021023873,-422.74725821962727,0.014473041990288094,25.405530818151043,78.49050461113276,-0.0016337395465374652
3.9699248120300754,-336.90922346509075,-418.50352134887345,0.014418217275838146,25.732415387682558,78.29155937821706,-0.0016452774309991998
3.9849624060150375,-335.5073514332224,-414.2706253968219,0.01436245568932305,26.058903712713793,78.08999342643862,-0.0016567690354250242
4.000000000000001,-334.08781569579975,-410.04871214734595,0.01430575936686284,26.384991022208304,77.88581006561972,-0.0016682139161852717
4.015037593984962,-332.65063809144823,-405.8379232039824,0.014248130524617715,26.71067254751528,77.67901264833698,-0.00167961163185058
4.030075187969925,-331.1958407158702,-401.6383999876314,0.014189571441158778,27.035943522394213,77.46960456983024,-0.0016909617421432801
4.045112781954888,-329.7234459215063,-397.4502837343063,0.014130084463094397,27.360799183036608,77.25758926791778,-0.0017022638088260503
4.06015037593985,-328.2334763172881,-393.27371549283026,0.014069672013468067,27.685234768094627,77.04297022290791,-0.001713517395502857
4.075187969924812,-326.72595476845436,-389.1088361225806,0.014008336596509552,28.009245518708443,76.82575095752478,-0.0017247220674661066
4.090225563909774,-325.2009043966023,-384.95578629121184,0.013946080785048519,28.3328266785333,76.60593503685342,-0.0017358773919596876
4.105263157894737,-323.6583485796759,-380.8147064723683,0.013882907219451776,28.65597349377412,76.3835260682694,-0.0017469829384242376
4.120300751879699,-322.09831095213497,-376.68573694340347,0.013818818608102561,28.978681213216298,76.15852770139662,-0.0017580382772068204
4.135338345864662,-320.52081540517685,-372.5690177830877,0.013753817733464499,29.300945088262424,75.9309436280542,-0.0017690429817612291
4.150375939849624,-318.9258860870696,-368.4646888692967,0.013687907430868151,29.622760372970813,75.70077758222341,-0.001779996626724943
4.165413533834587,-317.3135474036157,-364.3728898767011,0.013621090568360309,29.94412232409474,75.46803334001517,-0.001790898789319643
4.180451127819549,-315.683824018556,-360.29376027442953,0.013553370085838453,30.265026201126453,75.23271471964333,-0.0018017490480822162
4.195488721804511,-314.036740854258,-356.2274393237224,0.013484748930055884,30.58546726634223,74.9948255814086,-0.0018125469840946514
4.210526315789474,-312.37232309232235,-352.17406607554915,0.01341523008135735,30.905440784852725,74.75436982768038,-0.001823292180294444
4.225563909774436,-310.6905961743725,-348.13377936824475,0.013344816529110608,31.224942024652716,74.51135140289408,-0.0018339842217056466
4.2406015037593985,-308.9915858028638,-344.10671782506563,0.013273511251639088,31.543966256677603,74.26577429354553,-0.001844622695424649
4.2556390977443606,-307.2753179420044,-340.0930198517762,0.013201317217909785,31.862508754860873,74.01764252819663,-0.0018552071904211222
4.2706766917293235,-305.541818818741,-336.09282363416537,0.013128237350795236,32.18056479619637,73.76696017747928,-0.0018657372987963482
4.285714285714286,-303.7911149238219,-332.10626713557224,0.01305427453584646,32.498129660801425,73.51373135411443,-0.0018762126139277155
4.3007518796992485,-302.0232330101556,-328.1334880945274,0.012979431610102765,32.81519863195136,73.2579602127082,-0.0018866327317341584
4.3157894736842115,-300.2382000033324,-324.1746240292817,0.012903712413470644,33.131766994872464,72.99965094262274,-0.0018969972496630945
4.330827067669173,-298.4360431070411,-320.2298122304338,0.01282712059697765,33.44783003800147,72.738807776211,-0.0019073057670672131
4.345864661654136,-296.6167898141779,-316.2991897557412,0.012749659486031026,33.76338305335657,72.47543498961443,-0.0019175578851653736
4.360902255639098,-294.7804678704107,-312.3828934299741,0.012671332454049613,34.07842133612744,72.20953689981111,-0.00192775320760779
4.375939849624061,-292.92710527437157,-308.48105984281403,0.012592142960389671,34.39294018470454,71.94111786455812,-0.0019378913401134593
4.390977443609023,-291.0567302778454,-304.59382534674006,0.01251209451962913,34.70693490071104,71.67018228232061,-0.0019479718913054955
4.406015037593985,-289.16937138570546,-300.72132605492766,0.012431190706943887,35.020400789029814,71.3967345921992,-0.0019579944714385807
4.421052631578948,-287.26505735573426,-296.8636978391475,0.012349435172903048,35.333333157831994,71.12077927382481,-0.0019679586935968645
4.43609022556391,-285.3438171983516,-293.0210763276959,0.012266831620442531,35.64572731860099,70.84232084725792,-0.001977864173448701
4.451127819548873,-283.4056801760524,-289.1935969033225,0.012183383845416527,35.95757858615507,70.5613638728623,-0.0019877105289480583
4.466165413533834,-281.4506758028563,-285.3813947012057,0.01209909571246667,36.26888227866696,70.27791295117125,-0.0019974973810987606
4.481203007518798,-279.4788338434559,-281.5846046069491,0.0120139711894887,36.57963371767849,69.99197272273696,-0.002007224353449734
4.49624060150376,-277.49018431236016,-277.8033612546149,0.011928014340255678,36.88982822811324,69.7035478679712,-0.002016891072699289
4.511278195488722,-275.48475747272676,-274.03779902478794,0.01184122936269806,37.199461138283596,69.41264310696117,-0.002026497168410754
4.526315789473684,-273.46258383518807,-270.2880520427208,0.011753620582860579,37.50852777989157,69.1192631992858,-0.0020360422735207825
4.541353383458647,-271.4236941564156,-266.55425417648684,0.011665192499579691,37.81702348802718,68.82341294380682,-0.0020455260243286886
4.556390977443609,-269.3681194694943,-262.83653902956326,0.01157594931076502,38.124943602050394,68.5250971813019,-0.002054948055982095
4.571428571428572,-267.29589110903305,-259.13503993291266,0.011485894465270288,38.43228346643706,68.22432079662993,-0.0020643080011581677
4.586466165413535,-265.20704061222443,-255.44988996029343,0.01139503221931086,38.739038428075474,67.92108870982182,-0.0020736055021883973
4.601503759398496,-263.1015997687974,-251.7812219181979,0.011303366859088514,39.04520383763811,67.61540588044909,-0.0020828402029931846
4.616541353383458,-260.97960062208045,-248.1291683433681,0.011210902698999336,39.35077504966968,67.30727730762862,-0.002092011750684972
4.631578947368421,-258.8410754681065,-244.49386150068833,0.011117644082363057,39.6557474226169,66.9967080298738,-0.0021011197932293076
4.646616541353384,-256.68605685480946,-240.875433381088,0.011023595380735404,39.96011631886113,66.6837031249235,-0.002110163982260099
4.661654135338346,-254.51457758118434,-237.27401569945633,0.010928761020997955,40.263877104751,66.36826770959694,-0.0021191439713627337
4.676691729323308,-252.32667069666266,-233.6897398925675,0.010833145483628574,40.567025150637356,66.05040693964763,-0.002128059416795669
4.69172932330827,-250.1223695004899,-230.1227371170092,0.010736753293990958,40.86955583090956,65.73012600962643,-0.002136909977565074
4.706766917293233,-247.90170754121684,-226.5731382471276,0.01063958904419409,41.17146452403278,65.40743015274737,-0.0021456953155954547
4.7218045112781954,-245.6647186162212,-223.0410738729702,0.01054165738598636,41.47274661258702,65.08232464076282,-0.002154415095715434
4.7368421052631575,-243.4114367713172,-219.5266742982353,0.010442963045592474,41.7733974833087,64.75481478384322,-0.0021630689852454176
4.751879699248121,-241.1418963005077,-216.03006953821094,0.01034351080160395,42.07341252713283,64.4249059304632,-0.002171656654918237
4.766917293233083,-238.85613174567882,-212.55138931775056,0.010243305513777745,42.37278713923707,64.09260346729116,-0.0021801777780580353
4.781954887218045,-236.55417789649877,-209.0907630691974,0.010142352083797605,42.67151671908859,63.757912819089825,-0.0021886320310174844
4.796992481203008,-234.23606979024694,-205.64831993035682,0.01004065550434842,42.969596670491406,63.42083944860995,-0.0021970190931920024
4.8120300751879705,-231.90184271185868,-202.22418874242413,0.009938220805311562,43.267022401636446,63.081388856508156,-0.0022053386468313613
4.827067669172933,-229.55153219391588,-198.8184980479459,0.009835053083480393,43.5637893251536,62.739566581251225,-0.0022135903768050803
4.842105263157895,-227.18517401673847,-195.43137608874227,0.009731157481388496,43.8598928581646,62.395378199030695,-0.002221773971331122
4.857142857142858,-224.80280420857065,-192.06295080384916,0.00962653919035206,44.15532842233967,62.048829323690356,-0.002229889121382274
4.87218045112782,-222.40445904579818,-188.71334982743903,0.009521203436278963,44.450091443954214,61.699925606648435,-0.002237935520540407
4.887218045112782,-219.99017505322098,-185.38270048673627,0.009415155478126738,44.74417735394921,61.348672736828966,-0.0022459128652630726
4.902255639097744,-217.55998900438513,-182.07112979993067,0.009308400595045282,45.03758158799201,60.99507644059068,-0.0022538208550292407
4.917293233082707,-215.11393792202594,-178.77876447406243,0.009200944082198785,45.33029958654071,60.639142481671506,-0.0022616591921082517
4.93233082706767,-212.65205907845782,-175.5057309029271,0.009092791233438619,45.62232679490904,60.28087666112376,-0.002269427581371421
4.947368421052632,-210.17438999612483,-172.25215516492753,0.00898394734354346,45.91365866333471,59.92028481726163,-0.0022771257310704998
4.962406015037594,-207.68096844820303,-169.01816302095796,0.008874417661187104,46.204290647048445,59.55737282561796,-0.0022847533514442652
4.977443609022557,-205.1718324590879,-165.80387991224103,0.008764207436574963,46.49421820634539,59.1921465988759,-0.002292310157011248
4.992481203007519,-202.6470203051877,-162.6094309581639,0.008653321850374826,46.78343680665975,58.82461208684674,-0.002299795863946425
5.007518796992481,-200.10657051557243,-159.43494095410028,0.008541766034315577,47.07194191863952,58.45477527641296,-0.0023072101922815284
5.022556390977444,-197.55052187274177,-156.28053436922224,0.008429545042409415,47.35972901822351,58.08264219149153,-0.0023145528658303958
5.037593984962407,-194.97891339453224,-153.1463353456577,0.008316664062784262,47.64679358646873,57.708218891510555,-0.00232182360962965
5.052631578947368,-192.3917842558297,-150.03246770367568,0.008203129411329979,47.93313110843208,57.331511465107106,-0.0023290221508273532
5.06766917293233,-189.7891739364052,-146.93905492969893,0.008088946709977164,48.21873707513746,56.95252604171266,-0.00233614822011907
5.082706766917293,-187.171122169232,-143.86622017633863,0.007974121519235334,48.50360698309134,56.571268787358854,-0.0023432015520464533
5.097744360902256,-184.53766892773103,-140.81408626145713,0.007858659471506373,48.78773633415819,56.18774590356607,-0.00235018188473065
5.112781954887218,-181.88885442545777,-137.7827756664599,0.007742566267885829,49.07112063559192,55.80196362721651,-0.002357088959705233
5.127819548872181,-179.22471911558142,-134.77241053462274,0.007625847708138921,49.35375540006252,55.41392823040326,-0.0023639225226626693
5.142857142857142,-176.5453036902647,-131.78311266943908,0.007508509680250082,49.635636145680415,55.02364602027968,-0.0023706823229744495
5.157894736842105,-173.8506490798487,-128.81500353301018,0.007390558176520608,49.91675839601476,54.631123338879384,-0.00237736811471126
5.172932330827067,-171.1407964518922,-125.86820424446921,0.007271999303571069,50.19711768010927,54.236366562935565,-0.0023839796564652507
5.18796992481203,-168.41578720995156,-122.94283557848544,0.007152839312619453,50.47670953248786,53.83938210367065,-0.002390516712121389
5.203007518796993,-165.67566299240235,-120.03901796376566,0.007033084591427142,50.75552949316076,53.44017640659389,-0.0023969790504593407
5.218045112781955,-162.9204657170684,-117.1568714705183,0.006912740969058093,51.03357310936911,53.03875595535086,-0.00240336643264835
5.233082706766918,-160.1502375693303,-114.29651580971968,0.0067918138697493306,51.310835935334545,52.63512727057963,-0.0024096786155103707
5.2481203007518795,-157.36502093292694,-111.45807034839584,0.006670309383586181,51.58731352967178,52.22929690367211,-0.0024159153723749723
5.2631578947368425,-154.56485843479302,-108.64165409770568,0.006548233594787971,51.86300145709472,51.821271440645475,-0.0024220764784592193
5.2781954887218046,-151.74979294415817,-105.84738571108299,0.0064255925981911745,52.137895288462474,51.411057501960315,-0.002428161712140229
5.2932330827067675,-148.91986757163917,-103.07538348242208,0.00630239249160173,52.411990600826215,50.9986617423402,-0.0024341708540167486
5.30827067669173,-146.07512566829448,-100.32576534428604,0.006178639377743436,52.68528297747331,50.584090850582925,-0.002440103688000422
5.323308270676692,-143.21561082477814,-97.59864886610794,0.0060543393948799176,52.95776800797586,50.167351549391,-0.002445960001049197
5.338345864661654,-140.34136687057057,-94.89415125241271,0.005929498699800112,53.2294412882416,49.74845059519513,-0.0024517395833130594
5.353383458646617,-137.4524378732523,-92.21238934102523,0.005804123483717932,53.50029842056576,49.327394777995295,-0.0024574422283011044
5.368421052631579,-134.54886813783577,-89.55347960130332,0.005678219971751316,53.770335013683315,48.90419092119516,-0.002463067733485818
5.383458646616542,-131.63070220615447,-86.91753813235262,0.005551794415107832,54.03954668282888,48.47884588145101,-0.0024686158992580204
5.398496240601505,-128.6979848562762,-84.30468066127312,0.005424853132990641,54.307929049789955,48.05136654851534,-0.002474086530099891
5.413533834586466,-125.75076110205735,-81.71502254138298,0.005297402457272624,54.5754777429703,47.6217598450974,-0.0024794794337354136
5.428571428571429,-122.78907619263656,-79.14867875046424,0.0051694487813831996,54.84218839744844,47.19003272671526,-0.0024847944217488787
5.443609022556391,-119.81297561203918,-76.60576388898484,0.005040998533697723,55.10805665504286,46.75619218156112,-0.0024900313092720795
5.458646616541354,-116.82250507885286,-74.08639217835682,0.004912058184080735,55.37307816437537,46.320245230364556,-0.002495189915098059
5.473684210526316,-113.81771054589976,-71.59067745916549,0.004782634241515602,55.637248580939385,45.882198926265474,-0.0025002700610910426
5.488721804511279,-110.79863819995052,-69.11873318941724,0.004652733261549014,55.900563567164305,45.442060354682845,-0.002505271573448327
5.503759398496242,-107.76533446155118,-66.67067244278122,0.004522361831495755,56.16301879248921,44.999836633197155,-0.0025101942808518833
5.518796992481203,-104.7178459848301,-64.24660790682837,0.0043915265674952745,56.424609933429956,44.55553491142469,-0.002515038016259877
5.533834586466165,-101.65621965735842,-61.84665188127819,0.004260234117444691,56.68533267365463,44.10916237090611,-0.0025198026149836285
5.548872180451128,-98.58050260008716,-59.47091627623391,0.004128491149548113,56.94518270405354,43.66072622498748,-0.0025244879166390903
5.563909774436091,-95.4907421672639,-57.11951261044053,0.003996304352363523,57.20415572281666,43.21023371871302,-0.002529093763348217
5.578947368421053,-92.38698594645456,-54.7925520095075,0.0038636804272228174,57.46224743550748,42.757692128716116,-0.0025336200007946836
5.593984962406016,-89.26928175854019,-52.490145204159816,0.0037306260855488765,57.71945355514203,42.303108763113876,-0.002538066477271247
5.609022556390977,-86.13767765780275,-50.21240252848079,0.003597148030377135,57.97576980226248,41.846490961402694,-0.0025424330450340587
5.62406015037594,-82.9922219319968,-47.95943391815074,0.0034632529574808585,58.231191905020474,41.387846094359865,-0.002546719558432933
5.639097744360902,-79.83296310251639,-45.73134890868713,0.00332894755564204,58.48571559925123,40.927181563941666,-0.0025509258761756397
5.654135338345865,-76.65994992452984,-43.52825663368398,0.0031942384738257662,58.73933662855791,40.464504803192526,-0.0025550518592982172
5.669172932330828,-73.47323138717967,-41.35026582304941,0.0030591323417060064,58.99205074438955,39.99982327614591,-0.002559097372341551
5.68421052631579,-70.27285671383488,-39.19748480125631,0.0029236357383872254,59.24385370612222,39.53314447773477,-0.002563062283152315
5.6992481203007515,-67.0588753623197,-37.070021485570635,0.0027877551844597568,59.49474128114016,39.0644759336995,-0.0025669464631673396
5.714285714285714,-63.831337025170754,-34.967983384312326,0.0026514971624630795,59.744709244916066,38.59382520049675,-0.002570749787602007
5.729323308270677,-60.59029163005259,-32.891477595072395,0.00251486805421443,59.99375338109571,38.121199865219275,-0.002574472135045024
5.7443609022556394,-57.335789329375515,-30.840610803878747,0.002377874304225873,60.241869481424416,37.64660754466379,-0.0025781133884003986
5.7593984962406015,-54.067880432337205,-28.81548928985163,0.0022405232766794904,60.48905334481472,37.17005587982,-0.00258167343074631
5.774436090225564,-50.78661550987781,-26.816218915264283,0.002102821928593929,60.735300778850345,36.69155254407344,-0.00258515215106515
5.7894736842105265,-47.49204536946719,-24.842905125731004,0.0019647770891991624,60.98060759952359,36.21110524109671,-0.002588549443255335
5.804511278195489,-44.18422104199984,-22.895652949861447,0.001826395665129274,61.22496963110381,35.728721703696415,-0.002591865206202403
5.819548872180452,-40.86319378065394,-20.974566997949083,0.001687684619347055,61.46838270617077,35.244409693607835,-0.0025950993435799497
5.8345864661654145,-37.52901505945972,-19.07975146074876,0.0015486510157563405,61.71084266563651,34.75817700126115,-0.002598251765228823
5.849624060150377,-34.18173657192791,-17.211310108335663,0.0014093019878402679,61.95234535876423,34.27003144555973,-0.0026013223864142076
5.864661654135338,-30.82141022940848,-15.369346288974652,0.0012696448168689675,62.19288664317762,33.77998087362654,-0.002604311129876633
5.879699248120301,-27.44808816395289,-13.553962926729978,0.0011296868431333337,62.4324623850828,33.28803316095623,-0.002607217922856769
5.894736842105264,-24.061822794946117,-11.765262498666106,0.0009894344223857151,62.6710684625961,32.79419621714931,-0.0026100426674997286
5.909774436090226,-20.66266674460332,-10.003347058780793,0.0008488942182835485,62.90870076183257,32.29847797838326,-0.002612785278007868
5.924812030075188,-17.250672839874035,-8.268318236212066,0.0007080731952808701,63.145355177057205,31.80088640747563,-0.002615445680516371
5.939849624060151,-13.825894129768196,-6.560277228253797,0.000566978298349798,63.38102761160963,31.301429495298585,-0.00261802380478968
5.954887218045114,-10.388383884779712,-4.879324798855957,0.00042561650180547437,63.61571397797991,30.80011526062658,-0.00262051958362432
5.969924812030075,-6.938195596440285,-3.2255612771430493,0.00028399478754495013,63.849410197880246,30.29695174999054,-0.0026229329539046177
5.984962406015037,-3.475382976853448,-1.5990865558660416,0.00014212013276687616,64.08211220232711,29.79194703752301,-0.0026252638556251867
6.0,4.174419816667212e-08,-8.992941104912777e-08,-4.842827479403935e-10,64.31381593171443,29.28510922482227,-0.002627512232868441
