phase,burn_m_s,lowest_perigee_altitude_km
0.0000,-200.0,371802.1
0.0000,-198.0,371758.1
0.0000,-196.0,371710.6
0.0000,-194.0,371672.0
0.0000,-192.0,371617.1
0.0000,-190.0,371584.1
0.0000,-188.0,371521.9
0.0000,-186.0,371481.2
0.0000,-184.0,371425.4
0.0000,-182.0,371375.9
0.0000,-180.0,371328.2
0.0000,-178.0,371268.5
0.0000,-176.0,371231.0
0.0000,-174.0,371159.7
0.0000,-172.0,371116.3
0.0000,-170.0,371050.3
0.0000,-168.0,370994.4
0.0000,-166.0,370941.1
0.0000,-164.0,370871.1
0.0000,-162.0,370833.7
0.0000,-160.0,370747.3
0.0000,-158.0,370694.8
0.0000,-156.0,370624.5
0.0000,-154.0,370554.3
0.0000,-152.0,370504.8
0.0000,-150.0,370414.0
0.0000,-148.0,370363.5
0.0000,-146.0,370276.1
0.0000,-144.0,370202.9
0.0000,-142.0,370143.6
0.0000,-140.0,370044.0
0.0000,-138.0,369992.5
0.0000,-136.0,369890.3
0.0000,-134.0,369809.2
0.0000,-132.0,369746.4
0.0000,-130.0,369630.7
0.0000,-128.0,369572.2
0.0000,-126.0,369462.4
0.0000,-124.0,369364.6
0.0000,-122.0,369311.9
0.0000,-120.0,369167.9
0.0000,-118.0,369092.0
0.0000,-116.0,368991.3
0.0000,-114.0,368862.0
0.0000,-112.0,368812.6
0.0000,-110.0,368655.0
0.0000,-108.0,368543.4
0.0000,-106.0,368486.7
0.0000,-104.0,368301.4
0.0000,-102.0,368210.6
0.0000,-100.0,368106.5
0.0000,-98.0,367928.3
0.0000,-96.0,367861.6
0.0000,-94.0,367704.8
0.0000,-92.0,367533.6
0.0000,-90.0,367493.9
0.0000,-88.0,367280.8
0.0000,-86.0,367114.9
0.0000,-84.0,367104.7
0.0000,-82.0,366835.0
0.0000,-80.0,366670.6
0.0000,-78.0,366690.6
0.0000,-76.0,366370.8
0.0000,-74.0,366200.5
0.0000,-72.0,366249.1
0.0000,-70.0,365897.6
0.0000,-68.0,365708.5
0.0000,-66.0,365779.1
0.0000,-64.0,365436.2
0.0000,-62.0,365206.7
0.0000,-60.0,365284.6
0.0000,-58.0,365028.8
0.0000,-56.0,364723.5
0.0000,-54.0,364780.4
0.0000,-52.0,364756.4
0.0000,-50.0,364319.6
0.0000,-48.0,364304.0
0.0000,-46.0,364769.6
0.0000,-44.0,364115.8
0.0000,-42.0,363939.2
0.0000,-40.0,364375.7
0.0000,-38.0,364347.3
0.0000,-36.0,363865.7
0.0000,-34.0,364077.1
0.0000,-32.0,365150.9
0.0000,-30.0,364456.7
0.0000,-28.0,364194.6
0.0000,-26.0,364912.5
0.0000,-24.0,366411.7
0.0000,-22.0,365383.5
0.0000,-20.0,365384.9
0.0000,-18.0,366779.7
0.0000,-16.0,367238.1
0.0000,-14.0,367845.1
0.0000,-12.0,368315.7
0.0000,-10.0,370777.0
0.0000,-8.0,371775.1
0.0000,-6.0,371383.7
0.0000,-4.0,364479.8
0.0000,-2.0,358262.2
0.0000,2.0,355827.7
0.0000,4.0,374749.0
0.0000,6.0,373460.3
0.0000,8.0,373483.7
0.0000,10.0,377862.5
0.0000,12.0,377862.5
0.0000,14.0,377862.5
0.0000,16.0,377862.5
0.0000,18.0,377862.5
0.0000,20.0,377862.5
0.0000,22.0,377862.5
0.0000,24.0,377862.5
0.0000,26.0,377862.5
0.0000,28.0,377862.5
0.0000,30.0,377862.5
0.0000,32.0,377862.5
0.0000,34.0,377862.5
0.0000,36.0,377862.5
0.0000,38.0,377862.5
0.0000,40.0,377862.5
0.0000,42.0,377862.5
0.0000,44.0,377862.5
0.0000,46.0,377862.5
0.0000,48.0,377862.5
0.0000,50.0,377862.5
0.0000,52.0,377862.5
0.0000,54.0,377862.5
0.0000,56.0,377862.5
0.0000,58.0,377862.5
0.0000,60.0,377862.5
0.0000,62.0,377862.5
0.0000,64.0,377862.5
0.0000,66.0,377862.5
0.0000,68.0,377862.5
0.0000,70.0,377862.5
0.0000,72.0,377862.5
0.0000,74.0,377862.5
0.0000,76.0,377862.5
0.0000,78.0,377862.5
0.0000,80.0,377862.5
0.0000,82.0,377862.5
0.0000,84.0,377862.5
0.0000,86.0,377862.5
0.0000,88.0,377862.5
0.0000,90.0,377862.5
0.0000,92.0,377862.5
0.0000,94.0,377862.5
0.0000,96.0,377862.5
0.0000,98.0,377862.5
0.0000,100.0,377862.5
0.0000,102.0,377862.5
0.0000,104.0,377862.5
0.0000,106.0,377862.5
0.0000,108.0,377862.5
0.0000,110.0,377862.5
0.0000,112.0,377862.5
0.0000,114.0,377862.5
0.0000,116.0,377862.5
0.0000,118.0,377862.5
0.0000,120.0,377862.5
0.0000,122.0,377862.5
0.0000,124.0,377862.5
0.0000,126.0,377862.5
0.0000,128.0,377862.5
0.0000,130.0,377862.5
0.0000,132.0,377862.5
0.0000,134.0,377862.5
0.0000,136.0,377862.5
0.0000,138.0,377862.5
0.0000,140.0,377862.5
0.0000,142.0,377862.5
0.0000,144.0,377862.5
0.0000,146.0,377862.5
0.0000,148.0,377862.5
0.0000,150.0,377862.5
0.0000,152.0,377862.5
0.0000,154.0,377862.5
0.0000,156.0,377862.5
0.0000,158.0,377862.5
0.0000,160.0,377862.5
0.0000,162.0,377862.5
0.0000,164.0,377862.5
0.0000,166.0,377862.5
0.0000,168.0,377862.5
0.0000,170.0,377862.5
0.0000,172.0,377862.5
0.0000,174.0,377862.5
0.0000,176.0,377862.5
0.0000,178.0,377862.5
0.0000,180.0,377862.5
0.0000,182.0,377862.5
0.0000,184.0,377862.5
0.0000,186.0,377862.5
0.0000,188.0,377862.5
0.0000,190.0,377862.5
0.0000,192.0,377862.5
0.0000,194.0,377862.5
0.0000,196.0,377862.5
0.0000,198.0,377862.5
0.0000,200.0,377862.5
0.0833,-200.0,363880.8
0.0833,-198.0,364033.1
0.0833,-196.0,364202.2
0.0833,-194.0,364097.4
0.0833,-192.0,363978.8
0.0833,-190.0,363870.9
0.0833,-188.0,363774.3
0.0833,-186.0,363689.8
0.0833,-184.0,363618.2
0.0833,-182.0,363560.2
0.0833,-180.0,363516.8
0.0833,-178.0,363488.7
0.0833,-176.0,363476.8
0.0833,-174.0,363482.1
0.0833,-172.0,363505.3
0.0833,-170.0,363547.3
0.0833,-168.0,363609.2
0.0833,-166.0,363691.7
0.0833,-164.0,363795.8
0.0833,-162.0,363922.2
0.0833,-160.0,364072.0
0.0833,-158.0,364245.9
0.0833,-156.0,364444.7
0.0833,-154.0,364669.1
0.0833,-152.0,364920.0
0.0833,-150.0,364856.6
0.0833,-148.0,364696.3
0.0833,-146.0,364553.0
0.0833,-144.0,364428.2
0.0833,-142.0,364323.3
0.0833,-140.0,364239.7
0.0833,-138.0,364178.8
0.0833,-136.0,364142.2
0.0833,-134.0,364131.3
0.0833,-132.0,364147.7
0.0833,-130.0,364192.8
0.0833,-128.0,364268.2
0.0833,-126.0,364375.2
0.0833,-124.0,364515.3
0.0833,-122.0,364689.8
0.0833,-120.0,364900.1
0.0833,-118.0,365147.1
0.0833,-116.0,365432.0
0.0833,-114.0,365557.8
0.0833,-112.0,365621.9
0.0833,-110.0,365795.3
0.0833,-108.0,366086.2
0.0833,-106.0,365932.6
0.0833,-104.0,365774.5
0.0833,-102.0,365646.9
0.0833,-100.0,365552.6
0.0833,-98.0,365494.2
0.0833,-96.0,365421.8
0.0833,-94.0,365293.9
0.0833,-92.0,365297.9
0.0833,-90.0,365448.2
0.0833,-88.0,365757.9
0.0833,-86.0,366043.6
0.0833,-84.0,366307.5
0.0833,-82.0,366626.0
0.0833,-80.0,367000.3
0.0833,-78.0,366662.1
0.0833,-76.0,366305.0
0.0833,-74.0,366100.7
0.0833,-72.0,366072.9
0.0833,-70.0,366245.1
0.0833,-68.0,366638.4
0.0833,-66.0,367270.4
0.0833,-64.0,368152.6
0.0833,-62.0,368174.2
0.0833,-60.0,368147.2
0.0833,-58.0,368181.2
0.0833,-56.0,368281.1
0.0833,-54.0,368451.6
0.0833,-52.0,368580.3
0.0833,-50.0,368891.1
0.0833,-48.0,369427.5
0.0833,-46.0,369917.7
0.0833,-44.0,370493.0
0.0833,-42.0,371152.9
0.0833,-40.0,371894.8
0.0833,-38.0,372713.3
0.0833,-36.0,372724.7
0.0833,-34.0,372068.2
0.0833,-32.0,371760.0
0.0833,-30.0,371902.8
0.0833,-28.0,372276.3
0.0833,-26.0,371347.7
0.0833,-24.0,371290.1
0.0833,-22.0,372061.5
0.0833,-20.0,372155.3
0.0833,-18.0,371171.5
0.0833,-16.0,361048.8
0.0833,-14.0,355443.2
0.0833,-12.0,365004.7
0.0833,-10.0,364395.3
0.0833,-8.0,365079.7
0.0833,-6.0,367145.8
0.0833,-4.0,370417.7
0.0833,-2.0,374469.7
0.0833,2.0,358525.4
0.0833,4.0,373071.9
0.0833,6.0,368402.3
0.0833,8.0,362720.1
0.0833,10.0,359617.6
0.0833,12.0,369914.4
0.0833,14.0,376684.9
0.0833,16.0,376494.6
0.0833,18.0,376327.6
0.0833,20.0,376034.3
0.0833,22.0,375759.5
0.0833,24.0,375523.3
0.0833,26.0,375349.8
0.0833,28.0,375267.4
0.0833,30.0,375308.4
0.0833,32.0,375508.5
0.0833,34.0,375029.9
0.0833,36.0,375235.0
0.0833,38.0,377430.0
0.0833,40.0,378609.0
0.0833,42.0,380073.0
0.0833,44.0,381795.2
0.0833,46.0,383715.1
0.0833,48.0,385740.2
0.0833,50.0,387761.8
0.0833,52.0,389689.8
0.0833,54.0,391489.1
0.0833,56.0,393180.3
0.0833,58.0,394803.3
0.0833,60.0,396391.2
0.0833,62.0,397965.6
0.0833,64.0,399540.2
0.0833,66.0,401123.6
0.0833,68.0,402721.5
0.0833,70.0,404337.6
0.0833,72.0,405974.5
0.0833,74.0,407633.9
0.0833,76.0,409317.2
0.0833,78.0,411025.2
0.0833,80.0,412758.5
0.0833,82.0,414517.6
0.0833,84.0,416302.9
0.0833,86.0,418114.5
0.0833,88.0,419952.5
0.0833,90.0,421817.2
0.0833,92.0,423708.4
0.0833,94.0,425626.3
0.0833,96.0,427570.8
0.0833,98.0,429541.9
0.0833,100.0,431539.6
0.0833,102.0,433563.8
0.0833,104.0,435614.4
0.0833,106.0,437691.6
0.0833,108.0,439795.0
0.0833,110.0,441924.8
0.0833,112.0,444080.7
0.0833,114.0,446262.5
0.0833,116.0,448470.1
0.0833,118.0,450702.7
0.0833,120.0,452958.3
0.0833,122.0,inf
0.0833,124.0,inf
0.0833,126.0,inf
0.0833,128.0,inf
0.0833,130.0,inf
0.0833,132.0,inf
0.0833,134.0,469484.1
0.0833,136.0,471244.2
0.0833,138.0,471355.2
0.0833,140.0,inf
0.0833,142.0,inf
0.0833,144.0,inf
0.0833,146.0,inf
0.0833,148.0,438217.3
0.0833,150.0,434686.5
0.0833,152.0,430866.9
0.0833,154.0,427073.3
0.0833,156.0,423382.7
0.0833,158.0,419821.3
0.0833,160.0,416398.0
0.0833,162.0,413114.0
0.0833,164.0,409967.5
0.0833,166.0,406954.9
0.0833,168.0,404072.3
0.0833,170.0,401315.3
0.0833,172.0,398679.6
0.0833,174.0,396161.3
0.0833,176.0,393756.5
0.0833,178.0,391461.5
0.0833,180.0,389273.3
0.0833,182.0,387188.7
0.0833,184.0,385205.0
0.0833,186.0,383319.7
0.0833,188.0,381530.7
0.0833,190.0,379835.9
0.0833,192.0,378233.5
0.0833,194.0,376721.9
0.0833,196.0,375299.8
0.0833,198.0,373965.7
0.0833,200.0,372718.7
0.1667,-200.0,362946.3
0.1667,-198.0,362920.5
0.1667,-196.0,362907.4
0.1667,-194.0,362908.3
0.1667,-192.0,362924.1
0.1667,-190.0,362956.1
0.1667,-188.0,363005.4
0.1667,-186.0,363073.2
0.1667,-184.0,363160.9
0.1667,-182.0,363269.6
0.1667,-180.0,363400.7
0.1667,-178.0,363555.5
0.1667,-176.0,363735.3
0.1667,-174.0,363941.3
0.1667,-172.0,364175.0
0.1667,-170.0,364437.5
0.1667,-168.0,364730.1
0.1667,-166.0,365053.9
0.1667,-164.0,365410.1
0.1667,-162.0,365799.7
0.1667,-160.0,366223.4
0.1667,-158.0,366682.2
0.1667,-156.0,366736.3
0.1667,-154.0,366466.1
0.1667,-152.0,366213.1
0.1667,-150.0,365979.3
0.1667,-148.0,365767.1
0.1667,-146.0,365578.6
0.1667,-144.0,365416.3
0.1667,-142.0,365282.7
0.1667,-140.0,365180.3
0.1667,-138.0,365111.9
0.1667,-136.0,365080.2
0.1667,-134.0,365088.1
0.1667,-132.0,365138.5
0.1667,-130.0,365234.2
0.1667,-128.0,365378.1
0.1667,-126.0,365573.0
0.1667,-124.0,365821.6
0.1667,-122.0,366126.5
0.1667,-120.0,366490.1
0.1667,-118.0,366914.2
0.1667,-116.0,367400.8
0.1667,-114.0,367950.9
0.1667,-112.0,368490.5
0.1667,-110.0,368500.9
0.1667,-108.0,368524.2
0.1667,-106.0,368561.1
0.1667,-104.0,368612.3
0.1667,-102.0,368678.3
0.1667,-100.0,368759.9
0.1667,-98.0,368651.4
0.1667,-96.0,368446.1
0.1667,-94.0,368286.7
0.1667,-92.0,368179.2
0.1667,-90.0,368130.9
0.1667,-88.0,368149.9
0.1667,-86.0,368244.0
0.1667,-84.0,368420.7
0.1667,-82.0,368686.3
0.1667,-80.0,369046.3
0.1667,-78.0,369504.5
0.1667,-76.0,370062.8
0.1667,-74.0,370720.8
0.1667,-72.0,371475.4
0.1667,-70.0,372040.5
0.1667,-68.0,371322.2
0.1667,-66.0,373018.4
0.1667,-64.0,372428.7
0.1667,-62.0,371875.8
0.1667,-60.0,371395.3
0.1667,-58.0,371004.3
0.1667,-56.0,370720.3
0.1667,-54.0,370560.8
0.1667,-52.0,370542.9
0.1667,-50.0,370682.0
0.1667,-48.0,370991.8
0.1667,-46.0,371482.6
0.1667,-44.0,372156.5
0.1667,-42.0,371576.4
0.1667,-40.0,371311.1
0.1667,-38.0,371435.2
0.1667,-36.0,372028.0
0.1667,-34.0,372616.2
0.1667,-32.0,372726.0
0.1667,-30.0,372423.6
0.1667,-28.0,371261.4
0.1667,-26.0,368039.3
0.1667,-24.0,362250.4
0.1667,-22.0,355819.9
0.1667,-20.0,353910.0
0.1667,-18.0,367100.9
0.1667,-16.0,367018.5
0.1667,-14.0,367311.3
0.1667,-12.0,368004.0
0.1667,-10.0,369097.5
0.1667,-8.0,370566.1
0.1667,-6.0,372356.4
0.1667,-4.0,364749.3
0.1667,-2.0,371856.0
0.1667,2.0,371515.5
0.1667,4.0,356572.7
0.1667,6.0,374814.9
0.1667,8.0,373003.5
0.1667,10.0,370889.6
0.1667,12.0,368551.9
0.1667,14.0,366170.8
0.1667,16.0,364128.5
0.1667,18.0,363126.5
0.1667,20.0,364141.2
0.1667,22.0,367824.3
0.1667,24.0,374222.5
0.1667,26.0,377354.7
0.1667,28.0,377348.0
0.1667,30.0,377343.2
0.1667,32.0,377333.2
0.1667,34.0,377307.0
0.1667,36.0,377250.3
0.1667,38.0,377145.9
0.1667,40.0,376977.8
0.1667,42.0,376737.3
0.1667,44.0,376434.2
0.1667,46.0,376114.2
0.1667,48.0,375888.8
0.1667,50.0,375988.7
0.1667,52.0,376852.4
0.1667,54.0,378108.0
0.1667,56.0,378377.5
0.1667,58.0,378701.0
0.1667,60.0,379081.0
0.1667,62.0,379519.0
0.1667,64.0,380014.4
0.1667,66.0,380564.4
0.1667,68.0,381163.2
0.1667,70.0,381801.3
0.1667,72.0,382465.1
0.1667,74.0,383135.3
0.1667,76.0,383786.9
0.1667,78.0,384390.2
0.1667,80.0,384929.0
0.1667,82.0,385423.5
0.1667,84.0,385898.2
0.1667,86.0,386365.3
0.1667,88.0,386830.5
0.1667,90.0,387296.9
0.1667,92.0,387766.4
0.1667,94.0,388240.3
0.1667,96.0,388719.2
0.1667,98.0,389203.9
0.1667,100.0,389694.6
0.1667,102.0,390191.9
0.1667,104.0,390695.8
0.1667,106.0,391206.5
0.1667,108.0,391724.3
0.1667,110.0,392249.2
0.1667,112.0,392781.2
0.1667,114.0,393320.4
0.1667,116.0,393866.9
0.1667,118.0,394420.7
0.1667,120.0,394981.6
0.1667,122.0,395549.8
0.1667,124.0,396125.2
0.1667,126.0,396707.7
0.1667,128.0,397297.3
0.1667,130.0,397893.8
0.1667,132.0,398497.3
0.1667,134.0,399107.5
0.1667,136.0,399724.5
0.1667,138.0,400347.9
0.1667,140.0,400977.7
0.1667,142.0,401613.8
0.1667,144.0,402255.9
0.1667,146.0,402903.8
0.1667,148.0,403557.4
0.1667,150.0,404216.3
0.1667,152.0,404880.3
0.1667,154.0,405549.1
0.1667,156.0,406222.4
0.1667,158.0,406899.8
0.1667,160.0,407581.0
0.1667,162.0,408265.5
0.1667,164.0,408952.8
0.1667,166.0,409642.5
0.1667,168.0,410333.9
0.1667,170.0,411026.6
0.1667,172.0,411719.7
0.1667,174.0,412412.6
0.1667,176.0,413104.4
0.1667,178.0,413794.3
0.1667,180.0,414481.4
0.1667,182.0,415164.4
0.1667,184.0,415842.2
0.1667,186.0,416513.6
0.1667,188.0,417177.1
0.1667,190.0,417831.0
0.1667,192.0,418473.8
0.1667,194.0,419103.4
0.1667,196.0,419717.8
0.1667,198.0,420314.7
0.1667,200.0,420891.4
0.2500,-200.0,361604.1
0.2500,-198.0,361707.0
0.2500,-196.0,361814.7
0.2500,-194.0,361927.2
0.2500,-192.0,362044.4
0.2500,-190.0,362166.4
0.2500,-188.0,362293.5
0.2500,-186.0,362425.7
0.2500,-184.0,362563.2
0.2500,-182.0,362706.4
0.2500,-180.0,362855.6
0.2500,-178.0,363010.9
0.2500,-176.0,363172.8
0.2500,-174.0,363341.7
0.2500,-172.0,363517.9
0.2500,-170.0,363702.0
0.2500,-168.0,363894.3
0.2500,-166.0,364095.3
0.2500,-164.0,364305.5
0.2500,-162.0,364525.4
0.2500,-160.0,364755.6
0.2500,-158.0,364996.5
0.2500,-156.0,365248.7
0.2500,-154.0,365512.7
0.2500,-152.0,365789.0
0.2500,-150.0,366078.1
0.2500,-148.0,366380.5
0.2500,-146.0,366696.6
0.2500,-144.0,367027.0
0.2500,-142.0,367371.9
0.2500,-140.0,367731.9
0.2500,-138.0,368107.1
0.2500,-136.0,368497.8
0.2500,-134.0,368904.2
0.2500,-132.0,369326.3
0.2500,-130.0,369764.0
0.2500,-128.0,369829.3
0.2500,-126.0,369480.9
0.2500,-124.0,369144.8
0.2500,-122.0,368824.3
0.2500,-120.0,368523.0
0.2500,-118.0,368244.9
0.2500,-116.0,367993.9
0.2500,-114.0,367774.6
0.2500,-112.0,367591.7
0.2500,-110.0,368745.2
0.2500,-108.0,368557.5
0.2500,-106.0,368389.8
0.2500,-104.0,368244.4
0.2500,-102.0,368123.2
0.2500,-100.0,368028.6
0.2500,-98.0,367962.9
0.2500,-96.0,367928.2
0.2500,-94.0,367926.8
0.2500,-92.0,367961.0
0.2500,-90.0,368033.1
0.2500,-88.0,368145.2
0.2500,-86.0,368299.4
0.2500,-84.0,368497.6
0.2500,-82.0,368741.8
0.2500,-80.0,369033.6
0.2500,-78.0,369374.6
0.2500,-76.0,369765.9
0.2500,-74.0,370208.6
0.2500,-72.0,370703.3
0.2500,-70.0,371249.9
0.2500,-68.0,371508.1
0.2500,-66.0,371268.1
0.2500,-64.0,371140.7
0.2500,-62.0,371140.4
0.2500,-60.0,371282.9
0.2500,-58.0,371584.9
0.2500,-56.0,372065.4
0.2500,-54.0,372746.0
0.2500,-52.0,373298.4
0.2500,-50.0,372917.4
0.2500,-48.0,372347.8
0.2500,-46.0,371796.4
0.2500,-44.0,371271.3
0.2500,-42.0,370781.5
0.2500,-40.0,370336.3
0.2500,-38.0,366521.8
0.2500,-36.0,365742.7
0.2500,-34.0,363004.7
0.2500,-32.0,360345.0
0.2500,-30.0,358025.9
0.2500,-28.0,356358.6
0.2500,-26.0,355600.4
0.2500,-24.0,355788.3
0.2500,-22.0,356646.4
0.2500,-20.0,357725.5
0.2500,-18.0,358684.8
0.2500,-16.0,359493.6
0.2500,-14.0,360417.2
0.2500,-12.0,361809.8
0.2500,-10.0,363880.2
0.2500,-8.0,366599.9
0.2500,-6.0,369764.2
0.2500,-4.0,373083.7
0.2500,-2.0,376157.9
0.2500,2.0,376199.7
0.2500,4.0,372983.0
0.2500,6.0,368623.0
0.2500,8.0,363132.7
0.2500,10.0,356917.8
0.2500,12.0,371674.5
0.2500,14.0,375553.1
0.2500,16.0,375614.1
0.2500,18.0,375382.2
0.2500,20.0,375217.9
0.2500,22.0,375133.0
0.2500,24.0,375135.7
0.2500,26.0,375229.8
0.2500,28.0,375414.4
0.2500,30.0,375683.7
0.2500,32.0,376028.5
0.2500,34.0,376438.8
0.2500,36.0,376910.9
0.2500,38.0,376509.2
0.2500,40.0,372637.4
0.2500,42.0,370240.1
0.2500,44.0,376260.3
0.2500,46.0,375970.0
0.2500,48.0,375696.2
0.2500,50.0,375477.0
0.2500,52.0,375322.9
0.2500,54.0,374752.3
0.2500,56.0,374220.5
0.2500,58.0,373893.7
0.2500,60.0,374656.4
0.2500,62.0,377309.7
0.2500,64.0,377249.4
0.2500,66.0,377185.9
0.2500,68.0,377119.3
0.2500,70.0,377049.6
0.2500,72.0,376976.7
0.2500,74.0,376900.6
0.2500,76.0,376821.4
0.2500,78.0,376738.9
0.2500,80.0,376653.3
0.2500,82.0,376564.4
0.2500,84.0,376472.3
0.2500,86.0,376377.0
0.2500,88.0,376278.5
0.2500,90.0,376176.7
0.2500,92.0,376071.7
0.2500,94.0,375963.4
0.2500,96.0,375851.9
0.2500,98.0,375737.2
0.2500,100.0,375619.2
0.2500,102.0,375498.0
0.2500,104.0,375373.5
0.2500,106.0,375245.9
0.2500,108.0,375115.0
0.2500,110.0,374981.0
0.2500,112.0,374843.8
0.2500,114.0,374703.4
0.2500,116.0,374559.9
0.2500,118.0,374413.3
0.2500,120.0,374263.5
0.2500,122.0,374110.8
0.2500,124.0,373954.9
0.2500,126.0,373796.1
0.2500,128.0,373634.3
0.2500,130.0,373469.6
0.2500,132.0,373301.9
0.2500,134.0,373131.4
0.2500,136.0,372958.1
0.2500,138.0,372782.0
0.2500,140.0,372603.1
0.2500,142.0,372421.6
0.2500,144.0,372237.5
0.2500,146.0,372050.7
0.2500,148.0,371861.4
0.2500,150.0,371669.7
0.2500,152.0,371475.5
0.2500,154.0,371279.0
0.2500,156.0,371080.1
0.2500,158.0,370879.1
0.2500,160.0,370675.8
0.2500,162.0,370470.5
0.2500,164.0,370263.0
0.2500,166.0,370053.7
0.2500,168.0,369842.4
0.2500,170.0,369629.2
0.2500,172.0,369414.3
0.2500,174.0,369197.7
0.2500,176.0,368979.4
0.2500,178.0,368759.6
0.2500,180.0,368538.3
0.2500,182.0,368315.6
0.2500,184.0,368091.5
0.2500,186.0,367866.2
0.2500,188.0,367639.6
0.2500,190.0,367411.9
0.2500,192.0,367183.1
0.2500,194.0,366953.3
0.2500,196.0,366722.6
0.2500,198.0,366491.1
0.2500,200.0,366258.7
0.3333,-200.0,360673.4
0.3333,-198.0,360911.5
0.3333,-196.0,361151.7
0.3333,-194.0,361393.6
0.3333,-192.0,361637.2
0.3333,-190.0,361882.3
0.3333,-188.0,362128.6
0.3333,-186.0,362376.1
0.3333,-184.0,362624.6
0.3333,-182.0,362874.0
0.3333,-180.0,363124.0
0.3333,-178.0,363374.8
0.3333,-176.0,363626.0
0.3333,-174.0,350025.6
0.3333,-172.0,331717.5
0.3333,-170.0,176945.7
0.3333,-168.0,172777.3
0.3333,-166.0,174603.5
0.3333,-164.0,174371.2
0.3333,-162.0,161690.8
0.3333,-160.0,331525.0
0.3333,-158.0,337247.0
0.3333,-156.0,341772.7
0.3333,-154.0,345484.1
0.3333,-152.0,348587.4
0.3333,-150.0,351215.4
0.3333,-148.0,353461.5
0.3333,-146.0,355394.8
0.3333,-144.0,357067.9
0.3333,-142.0,358522.3
0.3333,-140.0,343738.6
0.3333,-138.0,358241.1
0.3333,-136.0,361872.1
0.3333,-134.0,362725.1
0.3333,-132.0,363474.1
0.3333,-130.0,364132.0
0.3333,-128.0,364709.8
0.3333,-126.0,365216.8
0.3333,-124.0,365661.1
0.3333,-122.0,366049.7
0.3333,-120.0,366388.8
0.3333,-118.0,366683.8
0.3333,-116.0,366939.4
0.3333,-114.0,367160.0
0.3333,-112.0,367349.4
0.3333,-110.0,367510.9
0.3333,-108.0,367647.8
0.3333,-106.0,367763.0
0.3333,-104.0,367859.1
0.3333,-102.0,367938.6
0.3333,-100.0,368003.8
0.3333,-98.0,368056.9
0.3333,-96.0,368100.0
0.3333,-94.0,368135.1
0.3333,-92.0,368164.1
0.3333,-90.0,368188.9
0.3333,-88.0,368211.3
0.3333,-86.0,368233.0
0.3333,-84.0,368255.7
0.3333,-82.0,368281.2
0.3333,-80.0,368311.1
0.3333,-78.0,368347.1
0.3333,-76.0,368390.7
0.3333,-74.0,367350.6
0.3333,-72.0,366151.8
0.3333,-70.0,364916.6
0.3333,-68.0,363656.2
0.3333,-66.0,362385.0
0.3333,-64.0,361120.2
0.3333,-62.0,359882.7
0.3333,-60.0,358696.9
0.3333,-58.0,357590.2
0.3333,-56.0,356592.6
0.3333,-54.0,355735.6
0.3333,-52.0,355050.1
0.3333,-50.0,365207.0
0.3333,-48.0,365199.1
0.3333,-46.0,365296.0
0.3333,-44.0,365498.2
0.3333,-42.0,365804.7
0.3333,-40.0,366212.5
0.3333,-38.0,366717.4
0.3333,-36.0,367313.4
0.3333,-34.0,367993.7
0.3333,-32.0,368749.9
0.3333,-30.0,369572.3
0.3333,-28.0,370449.8
0.3333,-26.0,371369.4
0.3333,-24.0,372316.1
0.3333,-22.0,373272.5
0.3333,-20.0,374217.4
0.3333,-18.0,375125.5
0.3333,-16.0,375966.3
0.3333,-14.0,376703.3
0.3333,-12.0,377294.5
0.3333,-10.0,377696.8
0.3333,-8.0,377789.8
0.3333,-6.0,377819.8
0.3333,-4.0,377842.7
0.3333,-2.0,377835.0
0.3333,2.0,377736.0
0.3333,4.0,377045.2
0.3333,6.0,375363.3
0.3333,8.0,372363.4
0.3333,10.0,375782.4
0.3333,12.0,374369.2
0.3333,14.0,372388.3
0.3333,16.0,369694.6
0.3333,18.0,366135.7
0.3333,20.0,361712.3
0.3333,22.0,357420.4
0.3333,24.0,358439.0
0.3333,26.0,371550.1
0.3333,28.0,375191.7
0.3333,30.0,374568.6
0.3333,32.0,373863.7
0.3333,34.0,373077.5
0.3333,36.0,372214.5
0.3333,38.0,371285.9
0.3333,40.0,370312.9
0.3333,42.0,369333.4
0.3333,44.0,368410.2
0.3333,46.0,367643.3
0.3333,48.0,367182.8
0.3333,50.0,367233.1
0.3333,52.0,368018.5
0.3333,54.0,369644.9
0.3333,56.0,371743.8
0.3333,58.0,373066.8
0.3333,60.0,353972.0
0.3333,62.0,373653.8
0.3333,64.0,373397.4
0.3333,66.0,373133.3
0.3333,68.0,372861.5
0.3333,70.0,372581.9
0.3333,72.0,372294.4
0.3333,74.0,371998.9
0.3333,76.0,371695.4
0.3333,78.0,371383.8
0.3333,80.0,371063.9
0.3333,82.0,370735.6
0.3333,84.0,370398.9
0.3333,86.0,370053.7
0.3333,88.0,369699.8
0.3333,90.0,369337.2
0.3333,92.0,368965.7
0.3333,94.0,368585.3
0.3333,96.0,368195.8
0.3333,98.0,367797.1
0.3333,100.0,367389.2
0.3333,102.0,366971.9
0.3333,104.0,366545.1
0.3333,106.0,366108.7
0.3333,108.0,365662.6
0.3333,110.0,365206.7
0.3333,112.0,364740.9
0.3333,114.0,364265.1
0.3333,116.0,363779.3
0.3333,118.0,363283.1
0.3333,120.0,362776.7
0.3333,122.0,362259.9
0.3333,124.0,361732.6
0.3333,126.0,361194.8
0.3333,128.0,360646.2
0.3333,130.0,360086.9
0.3333,132.0,359516.7
0.3333,134.0,358935.7
0.3333,136.0,358343.6
0.3333,138.0,357740.4
0.3333,140.0,357126.1
0.3333,142.0,356500.6
0.3333,144.0,355863.7
0.3333,146.0,355215.6
0.3333,148.0,354556.0
0.3333,150.0,353884.9
0.3333,152.0,353202.4
0.3333,154.0,352508.2
0.3333,156.0,351802.5
0.3333,158.0,351085.1
0.3333,160.0,350356.0
0.3333,162.0,349615.2
0.3333,164.0,348862.7
0.3333,166.0,348098.3
0.3333,168.0,347322.2
0.3333,170.0,346534.3
0.3333,172.0,345734.5
0.3333,174.0,344922.8
0.3333,176.0,344099.3
0.3333,178.0,343264.0
0.3333,180.0,342416.8
0.3333,182.0,341557.7
0.3333,184.0,340686.7
0.3333,186.0,339803.9
0.3333,188.0,338909.3
0.3333,190.0,338002.8
0.3333,192.0,337084.5
0.3333,194.0,336154.5
0.3333,196.0,335212.6
0.3333,198.0,334258.9
0.3333,200.0,333293.6
0.4167,-200.0,344260.9
0.4167,-198.0,345214.9
0.4167,-196.0,346117.6
0.4167,-194.0,346976.4
0.4167,-192.0,347796.2
0.4167,-190.0,348581.1
0.4167,-188.0,349334.1
0.4167,-186.0,350058.0
0.4167,-184.0,350754.9
0.4167,-182.0,351426.7
0.4167,-180.0,352075.1
0.4167,-178.0,352701.7
0.4167,-176.0,353307.7
0.4167,-174.0,353894.3
0.4167,-172.0,352215.8
0.4167,-170.0,337151.6
0.4167,-168.0,179118.2
0.4167,-166.0,178736.3
0.4167,-164.0,344457.5
0.4167,-162.0,353842.7
0.4167,-160.0,356291.5
0.4167,-158.0,358005.8
0.4167,-156.0,358458.6
0.4167,-154.0,358900.0
0.4167,-152.0,348343.0
0.4167,-150.0,359750.7
0.4167,-148.0,360160.9
0.4167,-146.0,360561.7
0.4167,-144.0,360953.4
0.4167,-142.0,361336.5
0.4167,-140.0,361711.4
0.4167,-138.0,362078.4
0.4167,-136.0,362437.9
0.4167,-134.0,362790.2
0.4167,-132.0,363135.7
0.4167,-130.0,363474.6
0.4167,-128.0,363807.3
0.4167,-126.0,364134.0
0.4167,-124.0,364455.0
0.4167,-122.0,364770.5
0.4167,-120.0,365080.8
0.4167,-118.0,365386.2
0.4167,-116.0,365686.7
0.4167,-114.0,365982.8
0.4167,-112.0,366274.5
0.4167,-110.0,366562.0
0.4167,-108.0,366845.7
0.4167,-106.0,366943.9
0.4167,-104.0,367055.4
0.4167,-102.0,367192.2
0.4167,-100.0,367354.5
0.4167,-98.0,367542.5
0.4167,-96.0,367756.4
0.4167,-94.0,367996.4
0.4167,-92.0,368263.0
0.4167,-90.0,368556.3
0.4167,-88.0,368877.0
0.4167,-86.0,369225.6
0.4167,-84.0,369602.8
0.4167,-82.0,370009.3
0.4167,-80.0,370446.1
0.4167,-78.0,370731.0
0.4167,-76.0,370971.1
0.4167,-74.0,371209.3
0.4167,-72.0,371445.7
0.4167,-70.0,371680.4
0.4167,-68.0,371913.4
0.4167,-66.0,372144.8
0.4167,-64.0,372374.5
0.4167,-62.0,372602.6
0.4167,-60.0,372829.2
0.4167,-58.0,373054.2
0.4167,-56.0,373277.5
0.4167,-54.0,373499.2
0.4167,-52.0,373719.2
0.4167,-50.0,373937.5
0.4167,-48.0,373129.6
0.4167,-46.0,372182.2
0.4167,-44.0,371139.2
0.4167,-42.0,370002.3
0.4167,-40.0,368776.4
0.4167,-38.0,367471.5
0.4167,-36.0,366103.7
0.4167,-34.0,364696.9
0.4167,-32.0,363284.5
0.4167,-30.0,361911.0
0.4167,-28.0,360631.8
0.4167,-26.0,359513.6
0.4167,-24.0,358630.6
0.4167,-22.0,358060.6
0.4167,-20.0,357876.9
0.4167,-18.0,358140.5
0.4167,-16.0,358891.8
0.4167,-14.0,360145.2
0.4167,-12.0,361886.8
0.4167,-10.0,364076.0
0.4167,-8.0,366649.4
0.4167,-6.0,369524.2
0.4167,-4.0,372592.8
0.4167,-2.0,375667.7
0.4167,2.0,374078.4
0.4167,4.0,367394.9
0.4167,6.0,372456.5
0.4167,8.0,368605.1
0.4167,10.0,363263.6
0.4167,12.0,355951.4
0.4167,14.0,347482.7
0.4167,16.0,351079.0
0.4167,18.0,373613.7
0.4167,20.0,372632.0
0.4167,22.0,371530.3
0.4167,24.0,370300.7
0.4167,26.0,368935.4
0.4167,28.0,367428.2
0.4167,30.0,365776.2
0.4167,32.0,363984.1
0.4167,34.0,362071.1
0.4167,36.0,360084.2
0.4167,38.0,358122.2
0.4167,40.0,356377.7
0.4167,42.0,355203.1
0.4167,44.0,355180.4
0.4167,46.0,357084.9
0.4167,48.0,361514.1
0.4167,50.0,367982.3
0.4167,52.0,372880.1
0.4167,54.0,372568.8
0.4167,56.0,372249.6
0.4167,58.0,371922.4
0.4167,60.0,371587.0
0.4167,62.0,371243.5
0.4167,64.0,370891.7
0.4167,66.0,370531.4
0.4167,68.0,370162.6
0.4167,70.0,369785.1
0.4167,72.0,369398.8
0.4167,74.0,369003.5
0.4167,76.0,368599.1
0.4167,78.0,368185.5
0.4167,80.0,367762.3
0.4167,82.0,367329.6
0.4167,84.0,366887.1
0.4167,86.0,366434.5
0.4167,88.0,365971.8
0.4167,90.0,365498.7
0.4167,92.0,365014.9
0.4167,94.0,364520.4
0.4167,96.0,364014.7
0.4167,98.0,363497.8
0.4167,100.0,362969.3
0.4167,102.0,362429.0
0.4167,104.0,361876.6
0.4167,106.0,361312.0
0.4167,108.0,360734.7
0.4167,110.0,360144.5
0.4167,112.0,359541.1
0.4167,114.0,358924.2
0.4167,116.0,358293.5
0.4167,118.0,357648.7
0.4167,120.0,356989.3
0.4167,122.0,356315.2
0.4167,124.0,355625.8
0.4167,126.0,354920.9
0.4167,128.0,354200.0
0.4167,130.0,353462.8
0.4167,132.0,352708.8
0.4167,134.0,351937.6
0.4167,136.0,351148.8
0.4167,138.0,350341.8
0.4167,140.0,349516.3
0.4167,142.0,348671.7
0.4167,144.0,347807.6
0.4167,146.0,346923.3
0.4167,148.0,346018.3
0.4167,150.0,345092.0
0.4167,152.0,344143.9
0.4167,154.0,343173.2
0.4167,156.0,342179.3
0.4167,158.0,341161.6
0.4167,160.0,340119.2
0.4167,162.0,339051.5
0.4167,164.0,337957.5
0.4167,166.0,336836.5
0.4167,168.0,335687.5
0.4167,170.0,334509.6
0.4167,172.0,333301.8
0.4167,174.0,332062.9
0.4167,176.0,330791.9
0.4167,178.0,329487.6
0.4167,180.0,328148.6
0.4167,182.0,326773.6
0.4167,184.0,325361.1
0.4167,186.0,323909.6
0.4167,188.0,322417.3
0.4167,190.0,320882.4
0.4167,192.0,319303.1
0.4167,194.0,317677.4
0.4167,196.0,316002.9
0.4167,198.0,314277.5
0.4167,200.0,312498.7
0.5000,-200.0,211846.4
0.5000,-198.0,210862.6
0.5000,-196.0,209810.1
0.5000,-194.0,208691.2
0.5000,-192.0,207506.7
0.5000,-190.0,206256.5
0.5000,-188.0,204939.6
0.5000,-186.0,203553.7
0.5000,-184.0,202095.8
0.5000,-182.0,200561.8
0.5000,-180.0,198946.4
0.5000,-178.0,197243.3
0.5000,-176.0,195444.6
0.5000,-174.0,193541.1
0.5000,-172.0,191521.8
0.5000,-170.0,189373.5
0.5000,-168.0,187080.8
0.5000,-166.0,184625.3
0.5000,-164.0,181697.7
0.5000,-162.0,178530.8
0.5000,-160.0,175111.0
0.5000,-158.0,171404.3
0.5000,-156.0,167370.7
0.5000,-154.0,162963.8
0.5000,-152.0,158129.9
0.5000,-150.0,152807.9
0.5000,-148.0,146931.7
0.5000,-146.0,140436.0
0.5000,-144.0,133274.1
0.5000,-142.0,125463.4
0.5000,-140.0,117202.5
0.5000,-138.0,109193.6
0.5000,-136.0,103632.3
0.5000,-134.0,107922.8
0.5000,-132.0,154275.6
0.5000,-130.0,108032.2
0.5000,-128.0,343062.0
0.5000,-126.0,344949.3
0.5000,-124.0,346641.0
0.5000,-122.0,348180.4
0.5000,-120.0,349596.8
0.5000,-118.0,350911.3
0.5000,-116.0,352139.4
0.5000,-114.0,353293.3
0.5000,-112.0,354382.3
0.5000,-110.0,355414.2
0.5000,-108.0,356394.9
0.5000,-106.0,357066.3
0.5000,-104.0,357696.3
0.5000,-102.0,358315.6
0.5000,-100.0,358924.5
0.5000,-98.0,359523.2
0.5000,-96.0,360112.0
0.5000,-94.0,360691.2
0.5000,-92.0,361261.0
0.5000,-90.0,361821.6
0.5000,-88.0,362373.3
0.5000,-86.0,362916.2
0.5000,-84.0,363450.6
0.5000,-82.0,363976.6
0.5000,-80.0,364494.3
0.5000,-78.0,365004.0
0.5000,-76.0,365505.9
0.5000,-74.0,365999.9
0.5000,-72.0,354285.9
0.5000,-70.0,345285.2
0.5000,-68.0,334887.8
0.5000,-66.0,172000.7
0.5000,-64.0,164204.8
0.5000,-62.0,161180.6
0.5000,-60.0,162900.7
0.5000,-58.0,333537.1
0.5000,-56.0,337723.1
0.5000,-54.0,341334.4
0.5000,-52.0,344474.0
0.5000,-50.0,347222.4
0.5000,-48.0,349646.1
0.5000,-46.0,351800.5
0.5000,-44.0,353731.1
0.5000,-42.0,355475.5
0.5000,-40.0,357064.9
0.5000,-38.0,358525.6
0.5000,-36.0,359879.3
0.5000,-34.0,361144.9
0.5000,-32.0,362338.1
0.5000,-30.0,363472.6
0.5000,-28.0,364560.4
0.5000,-26.0,365611.6
0.5000,-24.0,366635.4
0.5000,-22.0,367639.6
0.5000,-20.0,368631.0
0.5000,-18.0,369615.7
0.5000,-16.0,370598.6
0.5000,-14.0,371583.6
0.5000,-12.0,372573.4
0.5000,-10.0,341452.7
0.5000,-8.0,338218.7
0.5000,-6.0,352839.2
0.5000,-4.0,364162.9
0.5000,-2.0,372558.1
0.5000,2.0,369087.4
0.5000,4.0,371886.6
0.5000,6.0,365954.2
0.5000,8.0,357219.6
0.5000,10.0,345014.0
0.5000,12.0,347194.7
0.5000,14.0,372756.3
0.5000,16.0,371455.9
0.5000,18.0,370008.3
0.5000,20.0,368403.6
0.5000,22.0,366632.2
0.5000,24.0,364686.5
0.5000,26.0,362565.8
0.5000,28.0,360284.7
0.5000,30.0,357889.8
0.5000,32.0,355493.3
0.5000,34.0,353335.9
0.5000,36.0,351896.6
0.5000,38.0,352018.3
0.5000,40.0,354837.7
0.5000,42.0,361108.1
0.5000,44.0,369702.4
0.5000,46.0,373828.3
0.5000,48.0,373577.4
0.5000,50.0,373322.1
0.5000,52.0,373062.5
0.5000,54.0,372798.6
0.5000,56.0,372530.3
0.5000,58.0,372257.6
0.5000,60.0,371980.5
0.5000,62.0,371698.9
0.5000,64.0,371412.9
0.5000,66.0,371122.4
0.5000,68.0,370827.3
0.5000,70.0,370527.5
0.5000,72.0,370223.1
0.5000,74.0,369913.9
0.5000,76.0,369599.8
0.5000,78.0,369280.7
0.5000,80.0,368956.7
0.5000,82.0,368627.5
0.5000,84.0,368293.1
0.5000,86.0,367953.3
0.5000,88.0,367608.2
0.5000,90.0,367257.4
0.5000,92.0,366900.9
0.5000,94.0,366538.7
0.5000,96.0,366170.5
0.5000,98.0,365796.2
0.5000,100.0,365415.6
0.5000,102.0,365028.6
0.5000,104.0,364635.1
0.5000,106.0,364234.9
0.5000,108.0,363827.7
0.5000,110.0,363413.5
0.5000,112.0,362992.0
0.5000,114.0,362563.0
0.5000,116.0,362126.4
0.5000,118.0,361681.8
0.5000,120.0,361229.2
0.5000,122.0,360768.2
0.5000,124.0,360298.6
0.5000,126.0,359820.2
0.5000,128.0,359332.7
0.5000,130.0,358835.8
0.5000,132.0,358329.3
0.5000,134.0,357812.8
0.5000,136.0,357286.1
0.5000,138.0,356748.9
0.5000,140.0,356200.7
0.5000,142.0,355641.2
0.5000,144.0,355070.2
0.5000,146.0,354487.2
0.5000,148.0,353891.7
0.5000,150.0,353283.5
0.5000,152.0,352662.0
0.5000,154.0,352026.9
0.5000,156.0,351377.6
0.5000,158.0,350713.6
0.5000,160.0,350034.4
0.5000,162.0,349339.6
0.5000,164.0,348628.4
0.5000,166.0,347900.4
0.5000,168.0,347154.8
0.5000,170.0,346391.1
0.5000,172.0,345608.4
0.5000,174.0,344806.2
0.5000,176.0,343983.7
0.5000,178.0,343139.9
0.5000,180.0,342274.1
0.5000,182.0,341385.4
0.5000,184.0,340472.8
0.5000,186.0,339535.3
0.5000,188.0,338571.8
0.5000,190.0,337581.3
0.5000,192.0,336562.5
0.5000,194.0,335514.2
0.5000,196.0,334435.1
0.5000,198.0,333323.6
0.5000,200.0,168030.5
0.5833,-200.0,185491.8
0.5833,-198.0,185533.2
0.5833,-196.0,185425.0
0.5833,-194.0,185184.6
0.5833,-192.0,184826.5
0.5833,-190.0,184362.3
0.5833,-188.0,183801.2
0.5833,-186.0,183149.9
0.5833,-184.0,182413.1
0.5833,-182.0,181593.1
0.5833,-180.0,180628.0
0.5833,-178.0,179537.1
0.5833,-176.0,178345.4
0.5833,-174.0,177046.1
0.5833,-172.0,175630.3
0.5833,-170.0,174086.2
0.5833,-168.0,172399.0
0.5833,-166.0,170550.6
0.5833,-164.0,168519.1
0.5833,-162.0,166278.1
0.5833,-160.0,163796.1
0.5833,-158.0,161035.8
0.5833,-156.0,157953.1
0.5833,-154.0,154497.0
0.5833,-152.0,150609.2
0.5833,-150.0,146225.8
0.5833,-148.0,141282.0
0.5833,-146.0,135724.7
0.5833,-144.0,129542.0
0.5833,-142.0,122835.5
0.5833,-140.0,116000.1
0.5833,-138.0,110219.7
0.5833,-136.0,109056.8
0.5833,-134.0,125254.7
0.5833,-132.0,222870.1
0.5833,-130.0,121872.6
0.5833,-128.0,341710.9
0.5833,-126.0,343393.3
0.5833,-124.0,344920.3
0.5833,-122.0,346322.5
0.5833,-120.0,347621.9
0.5833,-118.0,348834.7
0.5833,-116.0,349973.4
0.5833,-114.0,351047.8
0.5833,-112.0,352065.8
0.5833,-110.0,353033.8
0.5833,-108.0,353957.3
0.5833,-106.0,354840.7
0.5833,-104.0,355687.9
0.5833,-102.0,356502.0
0.5833,-100.0,357285.8
0.5833,-98.0,358041.8
0.5833,-96.0,358772.1
0.5833,-94.0,359478.5
0.5833,-92.0,360162.5
0.5833,-90.0,360825.7
0.5833,-88.0,361469.3
0.5833,-86.0,362094.4
0.5833,-84.0,362702.0
0.5833,-82.0,363293.1
0.5833,-80.0,363868.5
0.5833,-78.0,364429.0
0.5833,-76.0,364975.1
0.5833,-74.0,365507.7
0.5833,-72.0,365545.5
0.5833,-70.0,355019.7
0.5833,-68.0,343388.2
0.5833,-66.0,170908.8
0.5833,-64.0,148305.9
0.5833,-62.0,142950.9
0.5833,-60.0,143237.1
0.5833,-58.0,145000.9
0.5833,-56.0,146618.0
0.5833,-54.0,147070.3
0.5833,-52.0,145767.1
0.5833,-50.0,146113.3
0.5833,-48.0,204875.3
0.5833,-46.0,338694.1
0.5833,-44.0,342467.6
0.5833,-42.0,345647.5
0.5833,-40.0,348409.4
0.5833,-38.0,350858.6
0.5833,-36.0,353065.4
0.5833,-34.0,355080.5
0.5833,-32.0,356941.6
0.5833,-30.0,358678.1
0.5833,-28.0,360313.0
0.5833,-26.0,361865.3
0.5833,-24.0,363350.1
0.5833,-22.0,364780.2
0.5833,-20.0,366165.9
0.5833,-18.0,367515.9
0.5833,-16.0,368837.2
0.5833,-14.0,370135.1
0.5833,-12.0,371413.2
0.5833,-10.0,369099.7
0.5833,-8.0,335099.4
0.5833,-6.0,346632.8
0.5833,-4.0,361386.4
0.5833,-2.0,371620.3
0.5833,2.0,367681.8
0.5833,4.0,370647.9
0.5833,6.0,363440.9
0.5833,8.0,352746.3
0.5833,10.0,341746.5
0.5833,12.0,367470.4
0.5833,14.0,372385.7
0.5833,16.0,371046.5
0.5833,18.0,369573.7
0.5833,20.0,367965.3
0.5833,22.0,366224.3
0.5833,24.0,364364.6
0.5833,26.0,362421.7
0.5833,28.0,360470.8
0.5833,30.0,358660.2
0.5833,32.0,357263.9
0.5833,34.0,356751.4
0.5833,36.0,357823.1
0.5833,38.0,361253.0
0.5833,40.0,367276.8
0.5833,42.0,374002.6
0.5833,44.0,375610.6
0.5833,46.0,375475.3
0.5833,48.0,375338.7
0.5833,50.0,375200.9
0.5833,52.0,375061.9
0.5833,54.0,374921.9
0.5833,56.0,374780.7
0.5833,58.0,374638.4
0.5833,60.0,374495.2
0.5833,62.0,374350.9
0.5833,64.0,374205.6
0.5833,66.0,374059.3
0.5833,68.0,373912.0
0.5833,70.0,373763.8
0.5833,72.0,373614.6
0.5833,74.0,373464.5
0.5833,76.0,373313.3
0.5833,78.0,373161.3
0.5833,80.0,373008.2
0.5833,82.0,372854.2
0.5833,84.0,372699.2
0.5833,86.0,372543.2
0.5833,88.0,372386.2
0.5833,90.0,372228.2
0.5833,92.0,372069.2
0.5833,94.0,371909.1
0.5833,96.0,371748.0
0.5833,98.0,371585.8
0.5833,100.0,371422.5
0.5833,102.0,371258.1
0.5833,104.0,371092.5
0.5833,106.0,370925.9
0.5833,108.0,370758.0
0.5833,110.0,370588.9
0.5833,112.0,370418.6
0.5833,114.0,370247.1
0.5833,116.0,370074.2
0.5833,118.0,369900.1
0.5833,120.0,369724.6
0.5833,122.0,369547.8
0.5833,124.0,369369.5
0.5833,126.0,369189.9
0.5833,128.0,369008.7
0.5833,130.0,368826.1
0.5833,132.0,368641.9
0.5833,134.0,368456.1
0.5833,136.0,368268.8
0.5833,138.0,368079.7
0.5833,140.0,367889.0
0.5833,142.0,367696.6
0.5833,144.0,367502.3
0.5833,146.0,367306.3
0.5833,148.0,367108.4
0.5833,150.0,366908.5
0.5833,152.0,366706.7
0.5833,154.0,366502.9
0.5833,156.0,366297.0
0.5833,158.0,366089.0
0.5833,160.0,365878.8
0.5833,162.0,365666.4
0.5833,164.0,365451.6
0.5833,166.0,365234.6
0.5833,168.0,365015.1
0.5833,170.0,364793.1
0.5833,172.0,364568.6
0.5833,174.0,364341.5
0.5833,176.0,364111.7
0.5833,178.0,363879.1
0.5833,180.0,363643.7
0.5833,182.0,363405.4
0.5833,184.0,363164.1
0.5833,186.0,362919.8
0.5833,188.0,362672.3
0.5833,190.0,362421.5
0.5833,192.0,362167.4
0.5833,194.0,361910.0
0.5833,196.0,361649.0
0.5833,198.0,361384.3
0.5833,200.0,361116.0
0.6667,-200.0,118925.7
0.6667,-198.0,113632.8
0.6667,-196.0,110814.4
0.6667,-194.0,116531.6
0.6667,-192.0,155734.3
0.6667,-190.0,333405.7
0.6667,-188.0,337795.8
0.6667,-186.0,339295.7
0.6667,-184.0,340647.8
0.6667,-182.0,341881.3
0.6667,-180.0,343016.9
0.6667,-178.0,344070.0
0.6667,-176.0,345052.5
0.6667,-174.0,345973.6
0.6667,-172.0,346841.2
0.6667,-170.0,347661.5
0.6667,-168.0,348439.6
0.6667,-166.0,349180.1
0.6667,-164.0,349886.6
0.6667,-162.0,350562.5
0.6667,-160.0,351210.6
0.6667,-158.0,351833.4
0.6667,-156.0,352432.8
0.6667,-154.0,353011.0
0.6667,-152.0,353569.5
0.6667,-150.0,354109.9
0.6667,-148.0,354633.4
0.6667,-146.0,355141.3
0.6667,-144.0,355634.7
0.6667,-142.0,351533.7
0.6667,-140.0,186878.0
0.6667,-138.0,130629.4
0.6667,-136.0,132182.2
0.6667,-134.0,138985.4
0.6667,-132.0,144703.5
0.6667,-130.0,148640.6
0.6667,-128.0,149947.5
0.6667,-126.0,146234.4
0.6667,-124.0,135188.1
0.6667,-122.0,200644.0
0.6667,-120.0,339168.5
0.6667,-118.0,343648.6
0.6667,-116.0,347032.8
0.6667,-114.0,349699.0
0.6667,-112.0,351853.0
0.6667,-110.0,353621.9
0.6667,-108.0,355090.7
0.6667,-106.0,356319.2
0.6667,-104.0,357351.5
0.6667,-102.0,358220.5
0.6667,-100.0,358879.2
0.6667,-98.0,359363.5
0.6667,-96.0,359809.3
0.6667,-94.0,360220.0
0.6667,-92.0,360599.0
0.6667,-90.0,360949.3
0.6667,-88.0,361273.9
0.6667,-86.0,361544.4
0.6667,-84.0,361676.0
0.6667,-82.0,361769.2
0.6667,-80.0,361829.2
0.6667,-78.0,361861.0
0.6667,-76.0,361869.2
0.6667,-74.0,361858.2
0.6667,-72.0,361832.1
0.6667,-70.0,361795.2
0.6667,-68.0,361751.4
0.6667,-66.0,361704.8
0.6667,-64.0,361659.3
0.6667,-62.0,361618.9
0.6667,-60.0,361587.5
0.6667,-58.0,361569.3
0.6667,-56.0,361568.1
0.6667,-54.0,361587.9
0.6667,-52.0,361632.7
0.6667,-50.0,361706.5
0.6667,-48.0,361812.9
0.6667,-46.0,361955.8
0.6667,-44.0,362138.6
0.6667,-42.0,362364.7
0.6667,-40.0,362637.2
0.6667,-38.0,362958.8
0.6667,-36.0,363332.0
0.6667,-34.0,363759.0
0.6667,-32.0,364241.3
0.6667,-30.0,364780.3
0.6667,-28.0,365376.7
0.6667,-26.0,366030.7
0.6667,-24.0,366742.2
0.6667,-22.0,367510.4
0.6667,-20.0,368334.0
0.6667,-18.0,369210.9
0.6667,-16.0,370138.6
0.6667,-14.0,371113.1
0.6667,-12.0,361558.3
0.6667,-10.0,333002.4
0.6667,-8.0,336817.0
0.6667,-6.0,351940.6
0.6667,-4.0,363485.5
0.6667,-2.0,372206.0
0.6667,2.0,368030.0
0.6667,4.0,370834.8
0.6667,6.0,363781.8
0.6667,8.0,353564.7
0.6667,10.0,345447.7
0.6667,12.0,371528.6
0.6667,14.0,373092.7
0.6667,16.0,371934.2
0.6667,18.0,370674.1
0.6667,20.0,369321.1
0.6667,22.0,367892.6
0.6667,24.0,366422.5
0.6667,26.0,364971.4
0.6667,28.0,363644.5
0.6667,30.0,362615.2
0.6667,32.0,362152.8
0.6667,34.0,362633.5
0.6667,36.0,364483.4
0.6667,38.0,367962.4
0.6667,40.0,372760.8
0.6667,42.0,376869.7
0.6667,44.0,376807.8
0.6667,46.0,376745.4
0.6667,48.0,376682.6
0.6667,50.0,376619.4
0.6667,52.0,376555.8
0.6667,54.0,376491.8
0.6667,56.0,376427.6
0.6667,58.0,376363.1
0.6667,60.0,376298.2
0.6667,62.0,376233.2
0.6667,64.0,376167.9
0.6667,66.0,376102.4
0.6667,68.0,376036.7
0.6667,70.0,375970.8
0.6667,72.0,375904.7
0.6667,74.0,375838.5
0.6667,76.0,375772.1
0.6667,78.0,375705.5
0.6667,80.0,375638.8
0.6667,82.0,375572.0
0.6667,84.0,375505.0
0.6667,86.0,375438.0
0.6667,88.0,375370.8
0.6667,90.0,375303.4
0.6667,92.0,375236.0
0.6667,94.0,375168.4
0.6667,96.0,375100.8
0.6667,98.0,375033.0
0.6667,100.0,374965.2
0.6667,102.0,374897.2
0.6667,104.0,374829.1
0.6667,106.0,374760.9
0.6667,108.0,374692.6
0.6667,110.0,374624.2
0.6667,112.0,374555.7
0.6667,114.0,374487.1
0.6667,116.0,374418.4
0.6667,118.0,374349.5
0.6667,120.0,374280.6
0.6667,122.0,374211.5
0.6667,124.0,374142.3
0.6667,126.0,374073.0
0.6667,128.0,374003.6
0.6667,130.0,373934.0
0.6667,132.0,373864.3
0.6667,134.0,373794.5
0.6667,136.0,373724.6
0.6667,138.0,373654.5
0.6667,140.0,373584.2
0.6667,142.0,373513.8
0.6667,144.0,373443.3
0.6667,146.0,373372.6
0.6667,148.0,373301.8
0.6667,150.0,373230.7
0.6667,152.0,373159.6
0.6667,154.0,373088.2
0.6667,156.0,373016.7
0.6667,158.0,372945.0
0.6667,160.0,372873.0
0.6667,162.0,372801.0
0.6667,164.0,372728.7
0.6667,166.0,372656.2
0.6667,168.0,372583.5
0.6667,170.0,372510.5
0.6667,172.0,372437.4
0.6667,174.0,372364.0
0.6667,176.0,372290.4
0.6667,178.0,372216.6
0.6667,180.0,372142.5
0.6667,182.0,372068.2
0.6667,184.0,371993.6
0.6667,186.0,371918.8
0.6667,188.0,371843.6
0.6667,190.0,371768.3
0.6667,192.0,371692.6
0.6667,194.0,371616.6
0.6667,196.0,371540.4
0.6667,198.0,371463.8
0.6667,200.0,371387.0
0.7500,-200.0,362172.7
0.7500,-198.0,362314.5
0.7500,-196.0,362453.5
0.7500,-194.0,362589.8
0.7500,-192.0,362723.4
0.7500,-190.0,362854.5
0.7500,-188.0,362983.2
0.7500,-186.0,363109.6
0.7500,-184.0,363233.8
0.7500,-182.0,363355.9
0.7500,-180.0,363476.0
0.7500,-178.0,363594.1
0.7500,-176.0,363710.5
0.7500,-174.0,363825.2
0.7500,-172.0,363938.4
0.7500,-170.0,364050.0
0.7500,-168.0,364160.3
0.7500,-166.0,364269.2
0.7500,-164.0,364377.0
0.7500,-162.0,364483.7
0.7500,-160.0,364589.4
0.7500,-158.0,364694.2
0.7500,-156.0,364798.3
0.7500,-154.0,364901.6
0.7500,-152.0,365004.4
0.7500,-150.0,365106.7
0.7500,-148.0,365208.6
0.7500,-146.0,365310.3
0.7500,-144.0,365411.7
0.7500,-142.0,365513.1
0.7500,-140.0,365614.5
0.7500,-138.0,365656.5
0.7500,-136.0,365694.7
0.7500,-134.0,365739.1
0.7500,-132.0,365790.5
0.7500,-130.0,365849.7
0.7500,-128.0,365917.5
0.7500,-126.0,365994.9
0.7500,-124.0,366082.7
0.7500,-122.0,366181.9
0.7500,-120.0,366293.6
0.7500,-118.0,366418.7
0.7500,-116.0,366558.3
0.7500,-114.0,366713.6
0.7500,-112.0,366885.7
0.7500,-110.0,367075.9
0.7500,-108.0,367285.3
0.7500,-106.0,367444.7
0.7500,-104.0,367564.8
0.7500,-102.0,367687.0
0.7500,-100.0,367811.5
0.7500,-98.0,367938.3
0.7500,-96.0,368067.6
0.7500,-94.0,368199.4
0.7500,-92.0,368334.0
0.7500,-90.0,368471.4
0.7500,-88.0,368611.7
0.7500,-86.0,368755.1
0.7500,-84.0,368901.7
0.7500,-82.0,369051.7
0.7500,-80.0,369205.0
0.7500,-78.0,369362.0
0.7500,-76.0,369522.6
0.7500,-74.0,369687.0
0.7500,-72.0,369855.3
0.7500,-70.0,370027.7
0.7500,-68.0,370196.0
0.7500,-66.0,370261.8
0.7500,-64.0,370428.1
0.7500,-62.0,370707.4
0.7500,-60.0,370953.8
0.7500,-58.0,371152.5
0.7500,-56.0,371356.0
0.7500,-54.0,371564.2
0.7500,-52.0,371777.3
0.7500,-50.0,371995.2
0.7500,-48.0,371997.8
0.7500,-46.0,371491.9
0.7500,-44.0,371012.7
0.7500,-42.0,369510.7
0.7500,-40.0,367286.4
0.7500,-38.0,363183.1
0.7500,-36.0,356679.7
0.7500,-34.0,348124.0
0.7500,-32.0,335856.5
0.7500,-30.0,356061.8
0.7500,-28.0,355733.1
0.7500,-26.0,356843.2
0.7500,-24.0,359180.3
0.7500,-22.0,361967.3
0.7500,-20.0,364168.2
0.7500,-18.0,365025.6
0.7500,-16.0,364488.2
0.7500,-14.0,363258.2
0.7500,-12.0,362421.5
0.7500,-10.0,330926.7
0.7500,-8.0,344865.7
0.7500,-6.0,355731.9
0.7500,-4.0,364846.8
0.7500,-2.0,372518.2
0.7500,2.0,367983.4
0.7500,4.0,370605.5
0.7500,6.0,363164.3
0.7500,8.0,352829.5
0.7500,10.0,352410.6
0.7500,12.0,374477.4
0.7500,14.0,373514.5
0.7500,16.0,372465.1
0.7500,18.0,371343.0
0.7500,20.0,370172.0
0.7500,22.0,368991.2
0.7500,24.0,367864.5
0.7500,26.0,366891.9
0.7500,28.0,366222.3
0.7500,30.0,366058.8
0.7500,32.0,366639.4
0.7500,34.0,368161.4
0.7500,36.0,370676.6
0.7500,38.0,358788.7
0.7500,40.0,377452.0
0.7500,42.0,377425.2
0.7500,44.0,377398.1
0.7500,46.0,377370.8
0.7500,48.0,377343.2
0.7500,50.0,377315.4
0.7500,52.0,377287.4
0.7500,54.0,377259.3
0.7500,56.0,377230.9
0.7500,58.0,377202.4
0.7500,60.0,377173.8
0.7500,62.0,377145.0
0.7500,64.0,377116.1
0.7500,66.0,377087.1
0.7500,68.0,377058.0
0.7500,70.0,377028.8
0.7500,72.0,376999.4
0.7500,74.0,376970.0
0.7500,76.0,376940.6
0.7500,78.0,376911.0
0.7500,80.0,376881.4
0.7500,82.0,376851.7
0.7500,84.0,376822.0
0.7500,86.0,376792.2
0.7500,88.0,376762.4
0.7500,90.0,376732.5
0.7500,92.0,376702.6
0.7500,94.0,376672.6
0.7500,96.0,376642.6
0.7500,98.0,376612.6
0.7500,100.0,376582.5
0.7500,102.0,376552.5
0.7500,104.0,376522.3
0.7500,106.0,376492.2
0.7500,108.0,376462.1
0.7500,110.0,376431.9
0.7500,112.0,376401.7
0.7500,114.0,376371.5
0.7500,116.0,376341.2
0.7500,118.0,376311.0
0.7500,120.0,376280.7
0.7500,122.0,376250.5
0.7500,124.0,376220.2
0.7500,126.0,376189.9
0.7500,128.0,376159.5
0.7500,130.0,376129.2
0.7500,132.0,376098.9
0.7500,134.0,376068.5
0.7500,136.0,376038.2
0.7500,138.0,376007.8
0.7500,140.0,375977.4
0.7500,142.0,375947.1
0.7500,144.0,375916.7
0.7500,146.0,375886.2
0.7500,148.0,375855.8
0.7500,150.0,375825.4
0.7500,152.0,375795.0
0.7500,154.0,375764.5
0.7500,156.0,375734.0
0.7500,158.0,375703.6
0.7500,160.0,375673.1
0.7500,162.0,375642.6
0.7500,164.0,375612.1
0.7500,166.0,375581.5
0.7500,168.0,375551.0
0.7500,170.0,375520.4
0.7500,172.0,375489.9
0.7500,174.0,375459.3
0.7500,176.0,375428.7
0.7500,178.0,375398.1
0.7500,180.0,375367.4
0.7500,182.0,375336.8
0.7500,184.0,375306.1
0.7500,186.0,375275.4
0.7500,188.0,375244.7
0.7500,190.0,375213.9
0.7500,192.0,375183.2
0.7500,194.0,375152.4
0.7500,196.0,375121.6
0.7500,198.0,375090.7
0.7500,200.0,375059.8
0.8333,-200.0,363758.4
0.8333,-198.0,363782.5
0.8333,-196.0,363815.4
0.8333,-194.0,363857.8
0.8333,-192.0,363910.2
0.8333,-190.0,363973.3
0.8333,-188.0,364047.7
0.8333,-186.0,364134.2
0.8333,-184.0,364233.5
0.8333,-182.0,364346.2
0.8333,-180.0,364473.0
0.8333,-178.0,364614.8
0.8333,-176.0,364772.3
0.8333,-174.0,364946.1
0.8333,-172.0,365137.2
0.8333,-170.0,365346.1
0.8333,-168.0,365531.3
0.8333,-166.0,365665.9
0.8333,-164.0,365803.9
0.8333,-162.0,365945.3
0.8333,-160.0,366090.3
0.8333,-158.0,366238.9
0.8333,-156.0,366326.2
0.8333,-154.0,366164.1
0.8333,-152.0,366009.8
0.8333,-150.0,365864.5
0.8333,-148.0,365729.1
0.8333,-146.0,365604.7
0.8333,-144.0,365492.6
0.8333,-142.0,365393.8
0.8333,-140.0,365309.6
0.8333,-138.0,365241.5
0.8333,-136.0,365190.8
0.8333,-134.0,365159.0
0.8333,-132.0,365147.7
0.8333,-130.0,365158.4
0.8333,-128.0,365192.8
0.8333,-126.0,365252.6
0.8333,-124.0,365339.7
0.8333,-122.0,365455.7
0.8333,-120.0,365602.6
0.8333,-118.0,365782.1
0.8333,-116.0,365996.2
0.8333,-114.0,366246.6
0.8333,-112.0,366535.2
0.8333,-110.0,366863.8
0.8333,-108.0,367233.8
0.8333,-106.0,367647.0
0.8333,-104.0,368104.7
0.8333,-102.0,368608.0
0.8333,-100.0,369158.0
0.8333,-98.0,369280.6
0.8333,-96.0,369331.0
0.8333,-94.0,369385.0
0.8333,-92.0,369442.8
0.8333,-90.0,369504.5
0.8333,-88.0,369570.4
0.8333,-86.0,369640.5
0.8333,-84.0,369715.0
0.8333,-82.0,369794.2
0.8333,-80.0,369878.2
0.8333,-78.0,369961.0
0.8333,-76.0,369589.1
0.8333,-74.0,369308.9
0.8333,-72.0,369137.8
0.8333,-70.0,369093.2
0.8333,-68.0,369191.7
0.8333,-66.0,369448.1
0.8333,-64.0,369874.5
0.8333,-62.0,370114.6
0.8333,-60.0,370403.1
0.8333,-58.0,370774.1
0.8333,-56.0,371230.0
0.8333,-54.0,371489.4
0.8333,-52.0,371659.9
0.8333,-50.0,371639.5
0.8333,-48.0,371307.5
0.8333,-46.0,371149.6
0.8333,-44.0,371201.7
0.8333,-42.0,371501.2
0.8333,-40.0,372088.8
0.8333,-38.0,373007.8
0.8333,-36.0,372969.2
0.8333,-34.0,372436.4
0.8333,-32.0,371944.3
0.8333,-30.0,371506.7
0.8333,-28.0,370960.4
0.8333,-26.0,358701.1
0.8333,-24.0,363549.8
0.8333,-22.0,357454.7
0.8333,-20.0,350463.3
0.8333,-18.0,343037.0
0.8333,-16.0,336345.4
0.8333,-14.0,332720.3
0.8333,-12.0,334490.1
0.8333,-10.0,340373.6
0.8333,-8.0,348041.4
0.8333,-6.0,356294.6
0.8333,-4.0,364478.0
0.8333,-2.0,372132.8
0.8333,2.0,367353.9
0.8333,4.0,369245.8
0.8333,6.0,360103.0
0.8333,8.0,351052.8
0.8333,10.0,375258.6
0.8333,12.0,374366.1
0.8333,14.0,373391.2
0.8333,16.0,372359.8
0.8333,18.0,371312.5
0.8333,20.0,370312.6
0.8333,22.0,369455.1
0.8333,24.0,368872.2
0.8333,26.0,368724.7
0.8333,28.0,369157.4
0.8333,30.0,370211.5
0.8333,32.0,371944.0
0.8333,34.0,354387.8
0.8333,36.0,377706.5
0.8333,38.0,377695.8
0.8333,40.0,377685.0
0.8333,42.0,377674.1
0.8333,44.0,377663.0
0.8333,46.0,377651.9
0.8333,48.0,377640.6
0.8333,50.0,377629.2
0.8333,52.0,377617.7
0.8333,54.0,377606.1
0.8333,56.0,377594.5
0.8333,58.0,377582.7
0.8333,60.0,377570.9
0.8333,62.0,377559.0
0.8333,64.0,377547.1
0.8333,66.0,377535.0
0.8333,68.0,377523.0
0.8333,70.0,377510.8
0.8333,72.0,377498.6
0.8333,74.0,377486.3
0.8333,76.0,377474.0
0.8333,78.0,377461.7
0.8333,80.0,377449.2
0.8333,82.0,377436.8
0.8333,84.0,377424.3
0.8333,86.0,377411.8
0.8333,88.0,377399.2
0.8333,90.0,377386.6
0.8333,92.0,377373.9
0.8333,94.0,377361.3
0.8333,96.0,377348.5
0.8333,98.0,377335.8
0.8333,100.0,377323.0
0.8333,102.0,377310.3
0.8333,104.0,377297.4
0.8333,106.0,377284.6
0.8333,108.0,377271.7
0.8333,110.0,377258.8
0.8333,112.0,377245.9
0.8333,114.0,377233.0
0.8333,116.0,377220.0
0.8333,118.0,377207.1
0.8333,120.0,377194.1
0.8333,122.0,377181.1
0.8333,124.0,377168.0
0.8333,126.0,377155.0
0.8333,128.0,377142.0
0.8333,130.0,377128.9
0.8333,132.0,377115.8
0.8333,134.0,377102.7
0.8333,136.0,377089.6
0.8333,138.0,377076.5
0.8333,140.0,377063.4
0.8333,142.0,377050.2
0.8333,144.0,377037.1
0.8333,146.0,377023.9
0.8333,148.0,377010.7
0.8333,150.0,376997.5
0.8333,152.0,376984.3
0.8333,154.0,376971.1
0.8333,156.0,376957.9
0.8333,158.0,376944.7
0.8333,160.0,376931.4
0.8333,162.0,376918.2
0.8333,164.0,376905.0
0.8333,166.0,376891.7
0.8333,168.0,376878.4
0.8333,170.0,376865.2
0.8333,172.0,376851.9
0.8333,174.0,376838.6
0.8333,176.0,376825.3
0.8333,178.0,376812.0
0.8333,180.0,376798.7
0.8333,182.0,376785.3
0.8333,184.0,376772.0
0.8333,186.0,376758.7
0.8333,188.0,376745.3
0.8333,190.0,376732.0
0.8333,192.0,376718.6
0.8333,194.0,376705.3
0.8333,196.0,376691.9
0.8333,198.0,376678.5
0.8333,200.0,376665.1
0.9167,-200.0,364580.8
0.9167,-198.0,364661.2
0.9167,-196.0,364745.2
0.9167,-194.0,364832.9
0.9167,-192.0,364924.5
0.9167,-190.0,365020.0
0.9167,-188.0,365119.7
0.9167,-186.0,365223.5
0.9167,-184.0,365331.7
0.9167,-182.0,365426.5
0.9167,-180.0,365376.9
0.9167,-178.0,365312.9
0.9167,-176.0,365269.1
0.9167,-174.0,365247.1
0.9167,-172.0,365248.5
0.9167,-170.0,365275.1
0.9167,-168.0,365328.5
0.9167,-166.0,365410.5
0.9167,-164.0,365428.3
0.9167,-162.0,365440.4
0.9167,-160.0,365455.4
0.9167,-158.0,365357.1
0.9167,-156.0,365136.5
0.9167,-154.0,364933.5
0.9167,-152.0,364750.2
0.9167,-150.0,364588.9
0.9167,-148.0,364452.0
0.9167,-146.0,364341.9
0.9167,-144.0,364261.2
0.9167,-142.0,364212.7
0.9167,-140.0,364199.0
0.9167,-138.0,364223.0
0.9167,-136.0,364287.5
0.9167,-134.0,364395.4
0.9167,-132.0,364549.4
0.9167,-130.0,364752.2
0.9167,-128.0,365006.5
0.9167,-126.0,365314.4
0.9167,-124.0,365450.3
0.9167,-122.0,365170.0
0.9167,-120.0,364917.5
0.9167,-118.0,364696.7
0.9167,-116.0,364511.4
0.9167,-114.0,364365.9
0.9167,-112.0,364264.6
0.9167,-110.0,364212.1
0.9167,-108.0,364212.8
0.9167,-106.0,364271.6
0.9167,-104.0,364393.0
0.9167,-102.0,364581.7
0.9167,-100.0,364842.0
0.9167,-98.0,365177.8
0.9167,-96.0,365592.8
0.9167,-94.0,366089.6
0.9167,-92.0,366670.5
0.9167,-90.0,367062.5
0.9167,-88.0,366743.7
0.9167,-86.0,366469.4
0.9167,-84.0,366246.2
0.9167,-82.0,366080.9
0.9167,-80.0,365980.5
0.9167,-78.0,365952.3
0.9167,-76.0,366003.4
0.9167,-74.0,366140.9
0.9167,-72.0,366371.6
0.9167,-70.0,366701.7
0.9167,-68.0,367136.7
0.9167,-66.0,367681.2
0.9167,-64.0,368338.2
0.9167,-62.0,368458.9
0.9167,-60.0,368592.8
0.9167,-58.0,369010.4
0.9167,-56.0,369732.4
0.9167,-54.0,369720.1
0.9167,-52.0,369376.1
0.9167,-50.0,369120.3
0.9167,-48.0,368970.0
0.9167,-46.0,368748.4
0.9167,-44.0,368880.6
0.9167,-42.0,369339.6
0.9167,-40.0,369787.8
0.9167,-38.0,370418.2
0.9167,-36.0,371235.3
0.9167,-34.0,372236.5
0.9167,-32.0,371652.4
0.9167,-30.0,371424.8
0.9167,-28.0,371716.1
0.9167,-26.0,372656.3
0.9167,-24.0,372413.2
0.9167,-22.0,371929.6
0.9167,-20.0,371483.0
0.9167,-18.0,369932.9
0.9167,-16.0,366526.2
0.9167,-14.0,360175.4
0.9167,-12.0,353776.6
0.9167,-10.0,349346.7
0.9167,-8.0,349288.2
0.9167,-6.0,354018.6
0.9167,-4.0,361756.8
0.9167,-2.0,370550.1
0.9167,2.0,373857.0
0.9167,4.0,364981.7
0.9167,6.0,353242.0
0.9167,8.0,375559.7
0.9167,10.0,374582.5
0.9167,12.0,373532.8
0.9167,14.0,372485.1
0.9167,16.0,371553.8
0.9167,18.0,370898.8
0.9167,20.0,370696.5
0.9167,22.0,371022.9
0.9167,24.0,371697.8
0.9167,26.0,357930.1
0.9167,28.0,377814.6
0.9167,30.0,377810.9
0.9167,32.0,377807.2
0.9167,34.0,377803.5
0.9167,36.0,377799.7
0.9167,38.0,377795.9
0.9167,40.0,377792.1
0.9167,42.0,377788.2
0.9167,44.0,377784.4
0.9167,46.0,377780.5
0.9167,48.0,377776.6
0.9167,50.0,377772.6
0.9167,52.0,377768.7
0.9167,54.0,377764.7
0.9167,56.0,377760.7
0.9167,58.0,377756.7
0.9167,60.0,377752.6
0.9167,62.0,377748.6
0.9167,64.0,377744.5
0.9167,66.0,377740.4
0.9167,68.0,377736.3
0.9167,70.0,377732.1
0.9167,72.0,377728.0
0.9167,74.0,377723.8
0.9167,76.0,377719.6
0.9167,78.0,377715.4
0.9167,80.0,377711.2
0.9167,82.0,377707.0
0.9167,84.0,377702.8
0.9167,86.0,377698.5
0.9167,88.0,377694.2
0.9167,90.0,377690.0
0.9167,92.0,377685.7
0.9167,94.0,377681.4
0.9167,96.0,377677.0
0.9167,98.0,377672.7
0.9167,100.0,377668.4
0.9167,102.0,377664.0
0.9167,104.0,377659.6
0.9167,106.0,377655.3
0.9167,108.0,377650.9
0.9167,110.0,377646.5
0.9167,112.0,377642.1
0.9167,114.0,377637.6
0.9167,116.0,377633.2
0.9167,118.0,377628.8
0.9167,120.0,377624.3
0.9167,122.0,377619.9
0.9167,124.0,377615.4
0.9167,126.0,377610.9
0.9167,128.0,377606.4
0.9167,130.0,377601.9
0.9167,132.0,377597.4
0.9167,134.0,377592.9
0.9167,136.0,377588.4
0.9167,138.0,377583.9
0.9167,140.0,377579.4
0.9167,142.0,377574.8
0.9167,144.0,377570.3
0.9167,146.0,377565.7
0.9167,148.0,377561.1
0.9167,150.0,377556.6
0.9167,152.0,377552.0
0.9167,154.0,377547.4
0.9167,156.0,377542.8
0.9167,158.0,377538.2
0.9167,160.0,377533.6
0.9167,162.0,377529.0
0.9167,164.0,377524.3
0.9167,166.0,377519.7
0.9167,168.0,377515.1
0.9167,170.0,377510.4
0.9167,172.0,377505.8
0.9167,174.0,377501.1
0.9167,176.0,377496.5
0.9167,178.0,377491.8
0.9167,180.0,377487.1
0.9167,182.0,377482.4
0.9167,184.0,377477.7
0.9167,186.0,377473.1
0.9167,188.0,377468.4
0.9167,190.0,377463.6
0.9167,192.0,377458.9
0.9167,194.0,377454.2
0.9167,196.0,377449.5
0.9167,198.0,377444.8
0.9167,200.0,377440.0
