day,position_error_km,formal_sigma_km,innovation_1,innovation_2
0.4263888888888889,394.1352988520203,589.544819337786,38.13133240037132,-0.0050358626528989245
0.4263888888888889,3.524316230574507,4.946624566060408,0.00352614989614608,0.05853321537469469
0.43333333333333335,500.1480683782454,4.234676566666497,-3.601082271314226,-0.00019174511251739135
0.43333333333333335,342.7233816992151,3.1553202323956477,-0.051835519114888484,0.0592472230341059
0.44027777777777777,385.5098325343303,3.0852143719532035,-1.2311992876348086,-7.693565093271765e-05
0.44027777777777777,291.3190381731938,2.6029064873009577,-0.03781510240381181,0.04775396348389904
0.44722222222222224,314.9954821416809,2.5347245444339657,-0.9075836885022,-4.0579663103803426e-05
0.44722222222222224,251.72692937596915,2.2495821264426596,-0.029335632287910585,0.03988776874146538
0.45416666666666666,268.0233771205056,2.1927555008269244,-0.7101631450932473,-1.5661538798754024e-05
0.45416666666666666,222.51785314337357,1.9995822181966985,-0.026778095540720415,0.032473051832823785
0.46111111111111114,234.66154141570047,1.956656894055261,-0.5789392269216478,3.2493024664085636e-06
0.46111111111111114,198.97174333644784,1.8138143661458117,-0.02462613342174791,0.028506744902642822
0.46805555555555556,208.6039173891409,1.7828043934068685,-0.5054043940617703,1.3645149295912068e-05
0.46805555555555556,179.60651496465798,1.6705603963015567,-0.024249869365633003,0.02445885199949771
0.475,187.20509888324395,1.6487515176089036,-0.43114865984534845,2.07217134773445e-05
0.475,163.69903720423005,1.556601462351426,-0.02257254983197754,0.020897447537095104
0.48194444444444445,169.88474926836764,1.5416232034648336,-0.38041891471948475,2.3031882448419638e-05
0.48194444444444445,150.0770881825787,1.4634766847149572,-0.02130111956623182,0.01841634022352423
0.4888888888888889,155.20244760255602,1.4536308835733667,-0.3449165897327475,2.3988827858756334e-05
0.4888888888888889,138.08477846148,1.3857040770499431,-0.01996739962527272,0.016840464032952696
0.49583333333333335,142.26270051878842,1.3798142044082635,-0.3048752006725408,2.530972811008725e-05
0.49583333333333335,127.19521499830645,1.31962452541015,-0.01951461537908017,0.014921100116254138
0.5027777777777778,130.68394697986517,1.3168786395641863,-0.28402024565730244,2.475890792860702e-05
0.5027777777777778,117.55253521464647,1.26272497378704,-0.0190148478575054,0.012503007612480133
0.5097222222222222,120.48414896771638,1.2625773861241145,-0.27481884113512933,2.4118871913322848e-05
0.5097222222222222,109.3088678941175,1.2132507511401434,-0.017330132624095995,0.01075214883800868
0.5166666666666667,111.64083352850302,1.2153222164349895,-0.22335809015203267,2.0473440480825444e-05
0.5166666666666667,101.47392547504798,1.169937312694076,-0.017459142356244683,0.008802086811044774
0.5236111111111111,103.49523216896432,1.1739432048038752,-0.24414577259449288,1.9927665025148977e-05
0.5236111111111111,94.30790544471344,1.1318366042027064,-0.01646776472057354,0.008211677863386058
0.5305555555555556,95.76738383245522,1.1375596512657753,-0.20016099174972624,2.083505222455484e-05
0.5305555555555556,87.47691896050064,1.0982228326216232,-0.015928274087741556,0.006805968086098346
0.5375,88.5535647678331,1.1054840679513331,-0.1845019098254852,2.000182205474932e-05
0.5375,81.23516916448825,1.068519839762098,-0.014587319473889693,0.006164937848666341
0.5444444444444444,82.03688167643487,1.0771781175089221,-0.18167465354781598,1.7966897195881293e-05
0.5444444444444444,75.58024898574165,1.0422695944166376,-0.013539224235785241,0.005112332148371479
0.5513888888888889,76.09658213155546,1.0522040639625585,-0.17396794393425807,1.716519851185927e-05
0.5513888888888889,70.15654533628276,1.0190935272525339,-0.013203137237667306,0.003987408324093167
0.5583333333333333,70.47375986992766,1.0301911268813644,-0.1730882827541791,1.4407980963554445e-05
0.5583333333333333,65.32311155882569,0.9986656091407803,-0.0115672383050196,0.00413042108556283
0.5652777777777778,65.3294268056507,1.010829453460291,-0.14822144352365285,1.5514200351313123e-05
0.5652777777777778,60.287467881741534,0.9807093188491262,-0.011909148690278926,0.0034228525024104783
0.5722222222222222,60.18733438249224,0.9938374070130072,-0.15044586354633793,1.0966802028278266e-05
0.5722222222222222,56.26813721814822,0.9649697791249097,-0.009615689991392173,0.0023789705606418465
0.5791666666666667,55.948345911431076,0.9789846050311302,-0.13846313080284745,1.2105815326568514e-05
0.5791666666666667,52.28999500127562,0.9512358345384048,-0.009491660584728834,0.0012104585151746505
0.5861111111111111,51.81207483422842,0.9660500842926892,-0.1272806088672951,1.1139987621422431e-05
0.5861111111111111,48.68337771941643,0.9393030789908273,-0.008091960358058259,0.001970687811535754
0.5930555555555556,48.12258123531145,0.9548403379982926,-0.13678419380448759,9.578403297683113e-06
0.5930555555555556,45.44757580565526,0.9289909109561021,-0.007219791689635713,0.001154304779049653
0.5999999999999999,44.800329434394776,0.9451805189783675,-0.10003008006606251,5.882001448687113e-06
0.5999999999999999,42.24177267582989,0.9201350202899379,-0.007384908422920944,-0.0006399059636521542
0.6069444444444444,41.471436954865275,0.9369097219199373,-0.10200783290201798,7.747120681411701e-06
0.6069444444444444,39.08079989282445,0.9125834359437422,-0.00693566773117027,4.4763059548813544e-05
0.6138888888888889,38.25351361836266,0.9298777875555115,-0.09734714071964845,6.35760014544573e-06
0.6138888888888889,35.914701662084966,0.9061938080001234,-0.00700742935055132,-0.0004251411208144873
0.6208333333333335,35.02670971677482,0.9239496308348237,-0.06936403678264469,4.582897648042206e-06
0.6208333333333335,33.2752524275774,0.9008375849323031,-0.005401646953089312,-0.0005480761273588541
0.6277777777777778,32.40389285927822,0.9190066199063535,-0.09209203690988943,2.58409636677559e-06
0.6277777777777778,30.610913158988232,0.8964013719707621,-0.0057454097762956735,-0.0015404868244957015
0.6347222222222222,29.702465218609508,0.9149351588747507,-0.07693211495643482,2.59575405309187e-06
0.6347222222222222,28.267366408607266,0.8927765643199214,-0.004758618148116511,-0.0020325751242182832
0.6416666666666667,27.36181222417953,0.9116325219102314,-0.08055332559160888,2.041461046708992e-06
0.6416666666666667,26.47327965782546,0.8898647125243387,-0.00303656103716321,-0.0018331304085279498
0.6486111111111111,25.5835628412301,0.9090057280469389,-0.06738702632719651,5.348963143525509e-07
0.6486111111111111,24.616058869610427,0.8875765233105659,-0.00340139346945989,-0.001846877175012196
0.6555555555555556,23.764001341903526,0.9069633259150126,-0.08462999889161438,-1.2347273971036188e-06
0.6555555555555556,23.141068175267215,0.8858243090466493,-0.002275570432459517,-0.001090735079657179
0.6625,22.308776061303924,0.9054234988212664,-0.05095150618581101,1.2189977909304872e-06
0.6625,21.648227240995386,0.8845294120133862,-0.0024206928745797995,-0.0031689680704403145
0.6694444444444444,20.869885330439047,0.904304872154409,-0.044839722162578255,6.311447606766052e-07
0.6694444444444444,20.2823590822159,0.8836137325195037,-0.0023638595283728137,-0.001653686862169934
1.4333333333333333,124.38548595281881,2.106593862658626,4.128275661787484,8.05398381460154e-05
1.4333333333333333,94.94296353442792,1.843110479410977,-0.007063039630281764,-0.017113120824177486
1.4402777777777775,99.52259121966287,1.6157182523027571,0.008583979099057615,5.4919469660574816e-06
1.4402777777777775,83.88681916655277,1.4874726046630915,-0.005061964317320644,-0.014190277563074005
1.4472222222222222,88.49002895110517,1.4024759107252307,-0.009564157226122916,8.34166957743021e-06
1.4472222222222222,78.192965852969,1.3162624780058452,-0.005529550029905295,-0.01155165042737849
1.4541666666666668,80.66694366624951,1.272649853820848,0.003393659251742065,4.998690522367566e-06
1.4541666666666668,73.27291884360085,1.2073278743028337,-0.004410325854308894,-0.009995030557604423
1.461111111111111,74.77692341220181,1.180959815751852,-0.004544268129393458,2.5345337835436244e-06
1.461111111111111,68.02170837129458,1.1283612779134862,-0.0037195335207798053,-0.010745385742609415
1.4680555555555557,69.31541332983223,1.1106413145934864,0.00805903208674863,2.3866041238551627e-06
1.4680555555555557,63.55570860621305,1.0667089484192416,-0.003460516534858016,-0.010326483894516514
1.475,64.59803265705888,1.0538300096348354,-0.009735238389112055,1.5467628631249397e-06
1.475,60.13759794743055,1.0162267491303631,-0.0034332721888290507,-0.008784752091827386
1.4819444444444445,61.027798552486956,1.0062614186066903,-0.009531299525406212,1.089529147013657e-06
1.4819444444444445,57.42286329210866,0.9735010057263471,-0.0019218518438890442,-0.007979116852453672
1.488888888888889,57.968150883782975,0.9653837865188372,0.012120783096179366,-7.20120986133499e-07
1.488888888888889,54.886427613731506,0.9364508381040163,-0.0022177901914801623,-0.0073804280684157675
1.4958333333333333,55.34223620725131,0.9295561099393583,0.013993234373629093,-1.1935671557425365e-06
1.4958333333333333,52.6202559333179,0.9037181729714682,-0.0015303637991337382,-0.007113390627978333
1.5027777777777778,52.9401963576946,0.8976562432002484,-0.00010511232540011406,-1.9678988726519464e-06
1.5027777777777778,50.07420187493762,0.8743627779387808,-0.001198635254979763,-0.008084529882239622
1.5097222222222222,50.444023188515786,0.8688894616431054,-0.003624425851739943,-1.4827097182838408e-06
1.5097222222222222,48.201102839465044,0.8477129366523866,-0.0004214176386483359,-0.00676364110177019
1.5166666666666666,48.38418054806773,0.8426581265814541,-0.005614962137769908,-2.748209870673257e-06
1.5166666666666666,46.0813159484995,0.823259561411823,-9.16200276606105e-05,-0.007373588171333267
1.523611111111111,46.19343061596102,0.8185199284838734,-0.0075112454942427576,-3.1900318349410706e-06
1.523611111111111,44.010731953773245,0.8006257752801087,-0.0005710493771289293,-0.007507581513891637
1.5305555555555554,44.138190322945825,0.796130578447771,-0.015739740279968828,-2.8939436182220946e-06
1.5305555555555554,42.46585138220689,0.7795186533602183,0.0007873677489271813,-0.005868708315915683
1.5375,42.71987693413213,0.7752171795371728,0.004951647948473692,-2.0485834825376137e-06
1.5375,40.89720258852167,0.7597072349275131,0.0007471985590541408,-0.0067867347701735525
1.5444444444444445,41.280200727020514,0.755572620836009,0.006399368459824473,-8.96287489351999e-07
1.5444444444444445,39.51248959457451,0.7410189607458768,0.0016324632212274537,-0.006659422158065809
1.551388888888889,39.48494965621822,0.7370337956168582,0.0014293175772763789,-4.277916180378538e-06
1.551388888888889,38.17001050655997,0.7233200773178977,0.0010062846690743754,-0.005304011491261917
1.5583333333333333,38.07429540062923,0.7194765225857842,0.01641390862641856,-5.120399164337819e-06
1.5583333333333333,36.91303686270179,0.7065111257230899,0.0003958149125651289,-0.005183376480772495
1.5652777777777778,36.78290569463252,0.7028063259547568,0.005928853759542108,-5.2748593397794474e-06
1.5652777777777778,35.58287963362704,0.6905182702587394,0.0015434519714290218,-0.005097527608143082
1.5722222222222222,35.31581880407411,0.6869541551004975,-0.0009436228428967297,-6.452137503415445e-06
1.5722222222222222,34.18163254801431,0.6752891439046432,0.0019969546037259533,-0.00477967350769859
1.5791666666666666,34.11110439916257,0.6718693776389106,0.004575782979372889,-4.688923336659823e-06
1.5791666666666666,32.90353497135049,0.6607861324099571,0.002586601173732106,-0.0050797274479919
1.586111111111111,32.961076253459865,0.6575135998012013,-0.01493268203921616,-2.9947641641270284e-06
1.586111111111111,31.91332418352277,0.6469805686027394,0.0031267381697830388,-0.004027317578504608
1.5930555555555554,31.82498608977741,0.6438573484800116,0.002068218367639929,-4.833921098651439e-06
1.5930555555555554,30.913228788140056,0.6338497429911266,0.002910870621349204,-0.00355878876382576
1.6,30.768755914481556,0.630880671049172,-0.013969462306704372,-5.076502042261621e-06
1.6,29.887946454750168,0.6213777919194368,0.0029628903845377863,-0.0035239930000443564
1.6069444444444445,29.821940512748423,0.6185673614341802,-0.008097074052784592,-4.383924919193483e-06
1.6069444444444445,28.869685870190892,0.6095506163591649,0.002635874060217702,-0.004587888645403382
1.613888888888889,28.691670224362156,0.6069025789573919,0.0010086430702358484,-5.875309719044486e-06
1.613888888888889,27.866284342580673,0.5983540533704459,0.002541906613203082,-0.004007325931183914
1.6208333333333333,27.66707010933826,0.5958716232574485,-0.013135943852830678,-5.792960603628883e-06
1.6208333333333333,27.055586706590407,0.5877731187005306,0.0018375264472183517,-0.0032380650663981214
1.6277777777777778,26.83313765315459,0.5854578702782741,-0.021189933526329696,-5.906028541807773e-06
1.6277777777777778,26.128939090545757,0.5777904211358141,0.0023249510525715777,-0.003781523379728924
1.6347222222222222,26.04709610862647,0.5756459176251241,-0.008110557624604553,-4.60533867457924e-06
1.6347222222222222,25.496820127811315,0.5683894865687823,0.002063064458241115,-0.0028974365910130473
1.6416666666666666,25.32297243130425,0.566416147015296,0.005212587944697589,-6.2208211735192975e-06
1.6416666666666666,24.773976715686246,0.559549766639796,0.002835245772928374,-0.002160493451469847
1.648611111111111,24.609001105719603,0.5577506321507791,-0.003553716465830803,-5.9182916390398965e-06
1.648611111111111,24.1047296332378,0.5512524721689267,0.002608933259409696,-0.0021715183676462857
1.6555555555555554,24.0067667639838,0.5496293826031071,0.010939199826680124,-5.5716192220445215e-06
1.6555555555555554,23.446733669700286,0.543477056309971,0.0033796173313476174,-0.001981858195847508
1.6625,23.242749979141866,0.5420320199958842,-0.00643330707680434,-6.5419556167789494e-06
1.6625,22.959330282900915,0.5362028719920077,0.0012388907318268139,-0.0017995730418078892
1.6694444444444445,22.805451197949992,0.5349368792243527,-0.02025176933966577,-5.452347347778552e-06
1.6694444444444445,22.341284929449344,0.5294082978877845,0.0027290924121530225,-0.00214175022767904
1.676388888888889,22.213165002244924,0.5283240728473839,-0.016103770642075688,-5.297351248267912e-06
1.676388888888889,21.773424800376297,0.5230736945942118,0.0027065100259164865,-0.002050886814174646
1.6833333333333333,21.639422807989607,0.5221726841618408,-0.028308099892456084,-4.99968181549848e-06
1.6833333333333333,21.20202047995901,0.5171786448803408,0.002634055862927198,-0.0023558938597716406
1.6902777777777778,21.156568661886975,0.5164624557263657,-0.02155434084124863,-3.915964349565648e-06
1.6902777777777778,20.882417833294344,0.5117035507159235,0.0013639326446650557,-0.0021217664605615028
1.6972222222222222,20.8128629522054,0.5111722271481223,-0.016210125118959695,-4.611552119337947e-06
1.6972222222222222,20.530384215097097,0.5066280724730706,0.0019530130499560983,-0.001380052971853729
1.7041666666666666,20.39537265002143,0.506283059701508,-0.02814974053762853,-5.327104316499298e-06
1.7041666666666666,20.06979115635123,0.5019341236539442,0.0022049312027547785,-0.0018511722912535333
1.711111111111111,19.905388774649094,0.5017768538170158,-0.02307692641625181,-6.208088250303501e-06
1.711111111111111,19.612669834364333,0.49760449409244256,0.0018473128918117254,-0.0020969900562022303
2.4298611111111112,44.529367740630136,0.9233792340563213,-0.2028670595609583,-1.010591815953088e-05
2.4298611111111112,41.828777667084054,0.8981031979986367,-0.0035196416826863697,-0.006292165271588601
2.4368055555555554,41.20112867745561,0.8873894727766022,-0.03399552556220442,-6.364031499839218e-06
2.4368055555555554,39.11835669369373,0.8648039032075474,-0.003023738965850953,-0.005172721895007726
2.44375,38.30102795769174,0.8539488219024511,-0.015924960025586188,-6.956056733398164e-06
2.44375,36.00796827023301,0.833725832488236,-0.0035684526062027544,-0.006136244305508853
2.4506944444444443,35.12229242882316,0.822503078506088,-0.03271320543717593,-7.414048037363008e-06
2.4506944444444443,33.56510275094923,0.8043703606191237,-0.0023298671487168576,-0.0046152516722486325
2.457638888888889,32.475701413866034,0.7928129715238454,-0.01484513923060149,-8.494437665762522e-06
2.457638888888889,31.071742328417344,0.7765371303250617,-0.002659095367903319,-0.004286985902979268
2.464583333333333,30.298157918822714,0.764723699626724,-0.003859973920043558,-6.346592114403471e-06
2.464583333333333,29.232251233834806,0.7501018482383349,-0.0011379151933965659,-0.003945158514227387
2.4715277777777778,28.65246435172021,0.7381146939131527,-0.015280629391781986,-5.059929056833168e-06
2.4715277777777778,27.44356044015986,0.7249689545703315,-0.0019130309380273047,-0.004571923452544979
2.4784722222222224,26.783957549894623,0.7128898604653207,-0.0061387953464873135,-5.64156649887626e-06
2.4784722222222224,26.07006982254046,0.7010629192851848,-0.0008515738908272397,-0.003027884762616395
2.4854166666666666,25.42461171684495,0.6889646489233554,-0.02414501871680841,-5.489922343698828e-06
2.4854166666666666,24.677815413912374,0.67831653433876,-0.0010063981335974859,-0.0033680772877460186
2.4923611111111112,23.909197779357363,0.6662664569618397,-0.009915449481923133,-6.544687916831826e-06
2.4923611111111112,23.28284576245471,0.6566717548167957,-0.0009190751267453834,-0.003017923238928688
2.4993055555555554,22.747675681638487,0.644728723893485,-0.0035721390740945935,-4.97855833797578e-06
2.4993055555555554,22.132316614617345,0.6360744589898847,-0.0009321783775817494,-0.003183130632891107
2.5062500000000005,21.514561281904275,0.624287671868588,-0.03521934966556728,-5.265334922899267e-06
2.5062500000000005,21.03752100226533,0.6164716541267291,-0.0019342123979413373,-0.0023869184921068154
2.5131944444444443,20.59121159027742,0.6048840574374139,-0.026709669909905642,-4.092193474275474e-06
2.5131944444444443,20.05406579825286,0.5978134411441962,-0.0020423082996785524,-0.0029915920342205027
2.520138888888889,19.40297330006112,0.5864606345486617,-0.0055182622745633125,-6.2120535961329715e-06
2.520138888888889,18.886382714247148,0.5800508609068681,-0.0009323214875962549,-0.003294010535938696
2.527083333333333,18.378359435218105,0.5689640543647989,-0.02312618278665468,-4.782239985692827e-06
2.527083333333333,17.988861696114675,0.5631379876310852,-0.00033615906926343087,-0.0027014312982487354
2.5340277777777778,17.688750924529046,0.5523397080986877,-0.016297311114612967,-3.2026002974722134e-06
2.5340277777777778,17.38614541550741,0.5470271838149223,-0.0007831056782947599,-0.0022211746839104762
2.5409722222222224,16.923021362607233,0.5365351304333568,-0.0070512620150111616,-4.981720392198408e-06
2.5409722222222224,16.716150747260475,0.5316725914702423,-0.0006732720182185403,-0.0016426055601357348
2.5479166666666666,16.08473895353918,0.521502587553291,-0.009502394532319158,-6.646360163391207e-06
2.5479166666666666,15.778414003297913,0.5170328286368103,-8.9606943021181e-05,-0.002567285236409589
2.554861111111111,15.479530016170436,0.5071978884128446,-0.012143847707193345,-3.502381715956432e-06
2.554861111111111,15.165943426072229,0.5030699663408289,-0.0012411622061847538,-0.002950070519005976
2.5618055555555554,14.712781809550007,0.49357583431932855,-0.017498805129434913,-4.9945744550377105e-06
2.5618055555555554,14.474191941428458,0.4897451419447742,0.0005549516019414114,-0.0021443551491415747
2.56875,14.326769608838697,0.4805971914407471,-0.009774469130206853,-2.1570464049155275e-06
2.56875,14.214710123057932,0.47702532663240743,-8.780966592780715e-05,-0.0011474574804424265
2.5756944444444443,13.772110542503151,0.4682231842058498,-0.014504929189570248,-5.294389527017718e-06
2.5756944444444443,13.573027735546168,0.46487786792457436,-0.0005416599341572237,-0.0023024973073120236
2.5826388888888894,13.134083924692085,0.4564235830873209,-0.0018810087931342423,-5.886427342408074e-06
2.5826388888888894,12.998103993157784,0.4532782491344621,-4.58570690398119e-06,-0.0015538868928217653
2.589583333333333,12.664944117782273,0.4451687135053383,-0.011664780671708286,-4.446378838347809e-06
2.589583333333333,12.489898525253185,0.44220211599007525,-2.4320155489476747e-05,-0.0021445055948561276
2.5965277777777778,12.170177977818417,0.4344322534261192,-0.007406888820696622,-4.595989842731685e-06
2.5965277777777778,12.08768358061182,0.4316278466792312,-0.0004734092022999903,-0.0013172851602405444
2.603472222222222,11.886679031577707,0.4241906408690381,-0.003806569497101009,-3.373494811165223e-06
2.603472222222222,11.708755335058951,0.42153584001644195,0.0009471096677202695,-0.001932799067844826
2.610416666666667,11.247432233748166,0.4144232006625122,-0.03492918360279873,-5.5912425181714465e-06
2.610416666666667,11.067612259649371,0.4119085696856037,0.0006265392055979646,-0.0022843015887019646
2.6173611111111112,10.924138036173643,0.40511243406711134,-0.018953208636958152,-2.0725373142821413e-06
2.6173611111111112,10.86337123579807,0.4027308506012996,0.0003302626003005571,-0.000739286015431162
2.6243055555555554,10.65316263410683,0.39623864456501107,-0.01475666870828718,-3.3092741991702646e-06
2.6243055555555554,10.611314670828493,0.3939846244666681,0.0007184530484778406,-0.00016634913396273987
2.6312499999999996,10.442197040071404,0.3877855549635611,-0.018525444087572396,-2.6106494243061107e-06
2.6312499999999996,10.371957676854992,0.3856545605789751,0.00025375970125196545,-0.00107962796943184
2.6381944444444443,10.200299018555956,0.37973695271244956,-0.012461815436836332,-3.0479211863276845e-06
2.6381944444444443,10.119730280479086,0.3777248931266727,0.0006193938853016334,-0.0010356859995965806
2.645138888888889,9.966085458890566,0.37207686900866466,-0.026303350867237896,-2.1114105190622734e-06
2.645138888888889,9.855880684927325,0.3701797310694715,0.000753639503273007,-0.001611027108936014
2.652083333333333,9.639731786812307,0.3647892821405593,-0.0024796933867037296,-4.5550650546177796e-06
2.652083333333333,9.647596806853636,0.36300289683887454,0.000286261257372189,0.00046448506739693585
2.659027777777778,9.584418523226917,0.35785783227316215,0.006382270250469446,-2.5138060975038456e-06
2.659027777777778,9.454681045149844,0.35617775441652655,0.0007626486039953306,-0.002329514818882217
2.6659722222222224,9.157796605426851,0.3512662942632041,-0.02270223101368174,-5.159028003715038e-06
2.6659722222222224,9.109879007597174,0.3496877669308601,0.0004291954064683523,-0.0007640706534175479
2.6729166666666666,8.996725721326177,0.3449991042477643,-0.010381138999946415,-2.579335526164961e-06
2.6729166666666666,8.96220816368229,0.343517071344672,0.0005243405469173013,-0.00034578563406739704
2.6798611111111112,8.692713442882996,0.3390394913433985,-0.02341557969339192,-4.940033316913617e-06
2.6798611111111112,8.599195129839792,0.3376486837241813,0.0013466766968690536,-0.0011347329721900223
2.686805555555556,8.45948004297351,0.3333725238262707,-0.005170151183847338,-3.6061200170134367e-06
2.686805555555556,8.38906770372257,0.3320675183413602,0.0005213615826278328,-0.0015648818580586976
2.69375,8.3665819931639,0.32798228744990315,-0.021453741181176156,-1.474249219368673e-07
2.69375,8.297375729332916,0.3267576132078149,0.00040458884564031905,-0.00179578076054554
2.7006944444444443,8.265541736419374,0.3228535977537384,0.0040910771349444985,-2.0792277578562945e-06
2.7006944444444443,8.208091963091933,0.3217038151082966,0.0014687159092545699,-6.412246656850584e-05
2.7076388888888885,8.080705385812438,0.31797229678178546,-0.023001667228527367,-2.4327482855412974e-06
2.7076388888888885,8.03595779866144,0.3168920635878902,9.221702879358418e-05,-0.001569680365946624
2.714583333333333,7.835001341108095,0.3133251331205332,-0.04115747654577717,-2.954383325814991e-06
2.714583333333333,7.80760611659992,0.31230926099021983,-0.0002123898985928463,-0.0014103153696396475
2.7215277777777778,7.605608374424332,0.3088994262740829,-0.02483625221066177,-4.27334739899754e-06
2.7215277777777778,7.60496504344863,0.30794292750402286,-0.000974983035519017,-0.0014739796303331332
2.7284722222222224,7.459143515159229,0.30468295445995025,-0.03253503661835566,-2.4107796720573837e-06
2.7284722222222224,7.387639767815467,0.30378107668208437,0.001461774295989926,-0.001004103345223939
2.735416666666666,7.284179245628138,0.30066436330619417,-0.015043251099996269,-2.7150061215341914e-06
2.735416666666666,7.2227111817727305,0.2998126082333652,0.0012015991950988791,-0.001055250840181543
3.436111111111111,9.062484561239987,0.41335615703694484,-0.18377009831601754,-3.6198545815269156e-06
3.436111111111111,9.015535145480493,0.41115525122813734,2.0157277930366035e-05,-0.0007936688000427239
3.4430555555555555,7.777843330191803,0.39189212377687904,-0.11770768801216036,-2.9625222575657695e-06
3.4430555555555555,7.772426165427866,0.39001790666719655,-0.0010463965869007552,0.0006452618218872885
3.45,7.280174236856091,0.3799470742793142,-0.07015910506015643,2.613713090404701e-07
3.45,7.172912612762122,0.37823624269288464,-0.0009616434793997541,-0.0014096410131401171
3.4569444444444444,6.902997979365234,0.3720800894198609,-0.05104006588226184,4.2276479877978446e-07
3.4569444444444444,6.8457458249174925,0.37046907855874345,-0.0006288384680033232,-0.0007231249343533364
3.463888888888889,6.599044380314861,0.3663059937975701,-0.05127232085214928,-5.478767847733046e-07
3.463888888888889,6.536865002009627,0.3647642576128261,-0.00011524896032710785,-0.0011915652852678704
3.470833333333333,6.366013785522201,0.361726121719033,-0.038141647819429636,-1.1935299501497632e-06
3.470833333333333,6.349761224073906,0.36023723901956317,-0.00023421274914880996,-0.00019107261380213458
3.477777777777778,6.37715919810323,0.35787337198444436,-0.005885091901291162,9.824154542648067e-07
3.477777777777778,6.319104247708148,0.35642802322828915,-0.0010437537623033677,-0.000591254461483004
3.484722222222222,6.217521238322808,0.35448125901055705,-0.03133661131141707,-6.839036823524935e-07
3.484722222222222,6.217392979757264,0.35307410423021685,-0.0011120890175391196,0.0006265474169424579
3.4916666666666667,6.1418085255131745,0.35138798610401656,-0.020419275562744588,-1.3370390127276366e-06
3.4916666666666667,6.071445966280749,0.35001607731970225,-0.0010251843445985287,-0.0009337475230495329
3.498611111111111,6.026514806376133,0.34848989392619606,-0.012738158169668168,-1.1652605287348905e-06
3.498611111111111,5.956423171893865,0.3471517935880033,-0.001205886981608728,-0.000874075676222219
3.5055555555555555,5.9028418629829265,0.3457180747119926,-0.019025702960789204,-8.934410778149715e-07
3.5055555555555555,5.877616911750104,0.3444133103066965,-0.0005945887939446948,-0.00025389886306470544
3.5125,5.819886420102244,0.3430257829851387,-0.01805877807782963,-1.2008825308884585e-06
3.5125,5.764291212652612,0.3417544714868878,-0.0009095530026570486,-0.0007874713267881361
3.5194444444444444,5.6960299815927025,0.34038107993901323,-0.026984937547240406,-8.260093893042164e-07
3.5194444444444444,5.61778574514634,0.3391436432465069,-0.001331898177312496,-0.0011419811744701747
3.526388888888889,5.598802181109309,0.3377619608109345,-0.015445091703440994,-1.2820869108032262e-07
3.526388888888889,5.611295033040492,0.3365588955816061,0.0010124461503266957,-0.00010560579039520235
3.533333333333333,5.666392141714058,0.33515295880492907,-0.006696426367852837,1.6630898678204886e-06
3.533333333333333,5.58556356739118,0.33398464253252474,-0.0009309710869729315,-0.0014524497203183273
3.540277777777778,5.60432235551552,0.33254394681890936,0.0011574311065487564,-1.7688774678337182e-07
3.540277777777778,5.557927794721738,0.3314104589623525,-0.0010087758929557822,-0.000727432372173098
3.547222222222222,5.559873216473479,0.3299282534140546,0.000386048574000597,-6.646458668990718e-07
3.547222222222222,5.503926872260779,0.3288292268076726,-0.0004156071611873813,-0.0011366586589929284
3.5541666666666667,5.5587154694876055,0.32730171733128915,0.007850779918953776,5.38621403006756e-07
3.5541666666666667,5.551533706240083,0.32623622140655734,-0.0011148386722368286,5.337965114904364e-05
3.561111111111111,5.547688862701247,0.32466158568771825,-0.020823186612688005,6.494305116733212e-07
3.561111111111111,5.504560938877388,0.3236280563432422,-0.00011026634811628355,-0.0009562874507764718
3.5680555555555555,5.441688536902233,0.32200671012656185,0.002092424314469099,-2.820172679302013e-06
3.5680555555555555,5.394654754835909,0.3210029273721891,-0.0004445599122391286,-0.0010375422677952884
3.575,5.368097230646115,0.31933660733529695,-0.013103869103360921,-6.046079142896232e-07
3.575,5.336663899764831,0.3183597447867747,-0.0019100899699822094,-0.0006784320814858802
3.5819444444444444,5.2670062487573945,0.3166510369398262,-0.024060187919531018,-1.2243852405696698e-06
3.5819444444444444,5.213451467883287,0.31569778428304923,-0.0008292260009739039,-0.0012935938912335132
3.588888888888889,5.2180098617148625,0.31395041204525964,-0.01261883694678545,3.7133176680748115e-07
3.588888888888889,5.206476878531336,0.3130171604965063,-0.000542499465467472,-0.0003300608892971013
3.595833333333333,5.304244668632984,0.3112351239447988,0.00042282341746613383,2.4409078099862924e-06
3.595833333333333,5.246192721947597,0.3103182123585425,-0.000781718461297487,-0.0015525918498724423
3.602777777777778,5.278252583260064,0.3085061675993854,-0.0070270366268232465,8.638446434006131e-07
3.602777777777778,5.262345540331251,0.30760215294518906,0.00027675273472027584,-0.0003367980175426055
3.609722222222222,5.274498860945006,0.3057652491897974,-0.002237728564068675,-8.63049260634019e-08
3.609722222222222,5.263693564211278,0.30487117391326635,-0.0005589363027809213,-0.000444822465794914
3.6166666666666667,5.178429155204751,0.30301471634390753,-0.01470274303574115,-2.329887513235346e-06
3.6166666666666667,5.15875265581423,0.30212833914672244,-0.00014326262549957391,-0.0005762085989431398
3.623611111111111,5.168353005619326,0.30025786984641095,-0.00975135521730408,3.608182657741793e-07
3.623611111111111,5.168198979869503,0.29937782418897135,-0.000630564353571117,-0.0002778327373675893
3.6305555555555555,5.221701895814497,0.2974983528738137,0.013899857294745743,1.4227293934285234e-07
3.6305555555555555,5.193879356669303,0.29662422146835926,0.0007943237570202655,-0.0003904285919702488
3.6375,5.174854772362474,0.294740818596648,0.002121093973983079,-1.3860026187514918e-06
3.6375,5.0696102545084845,0.2938731048316379,0.0004797313642939116,-0.0028285246609698333
3.6444444444444444,5.139987921444974,0.29199092079648953,0.012635329156182706,7.968863754218014e-07
3.6444444444444444,5.108468483155817,0.2911309314080845,0.00035948996816159706,-0.0007351957610808313
3.651388888888889,5.086824401744027,0.28925416765367545,-0.009055752831045538,-6.892845892947363e-07
3.651388888888889,5.0499381316272745,0.28840384010602177,0.00017006399559704732,-0.0010564600601128404
3.658333333333333,5.063561280548912,0.2865368819821767,-0.013409239880274981,8.043076216296408e-07
3.658333333333333,5.042169681069609,0.285698563438764,0.0003201473153922052,-0.0004648903349675493
3.665277777777778,5.038487164663109,0.28384510964323817,0.0007573679904453456,-8.051803881137243e-07
3.665277777777778,5.007263387220617,0.28302133738946644,0.0001760472673026925,-0.000937975481548392
3.672222222222222,5.017797464916058,0.28118485515585523,0.0005480379331856966,-3.0767415297450196e-07
3.672222222222222,4.95701525125774,0.2803781502058559,0.0010365328481043434,-0.0012810390488198209
3.6791666666666667,4.899940026975442,0.2785616897698379,-0.007849588815588504,-2.022266809453832e-06
3.6791666666666667,4.862132804484932,0.27777438808190086,0.0009396138337365301,-0.0005438841786826742
3.686111111111111,4.774041855158839,0.2759806860575658,-0.016119974316097796,-2.5096297731619366e-06
3.686111111111111,4.756351487235077,0.2752148128137945,-7.138344818713449e-05,-0.0007781709483083432
3.6930555555555555,4.819236038407685,0.2734461880253625,0.0021832912461832166,1.4713805446542327e-06
3.6930555555555555,4.816320083599135,0.2727033793700656,-0.00010600818109196553,-0.00023471007253306198
3.7,4.770650203749237,0.27096151538033136,-0.020285784732550383,-7.00467065989363e-07
3.7,4.734464251233789,0.270242984856952,0.0006109965902396652,-0.0009023746956700052
3.7069444444444444,4.705999122459409,0.2685298578560712,0.001520475372672081,-1.8153508147267239e-06
3.7069444444444444,4.70187335921867,0.2678363878906198,-0.00018611878385854652,-0.000407024922878918
3.713888888888889,4.665459697642436,0.2661533566037435,-0.0007587604341097176,-1.95587246093476e-06
3.713888888888889,4.628064559805471,0.2654853247058594,0.0009672045300135323,-0.0006223666607922951
3.720833333333333,4.626763737693787,0.2638336912649346,0.009246514411643147,-1.4579815389714756e-06
3.720833333333333,4.594883825706571,0.2631911085501488,0.000675594963581716,-0.0007526799674621998
3.727777777777778,4.600907446649934,0.2615718332269583,-0.0023005050024949014,-2.1407362410519326e-07
3.727777777777778,4.5756672146578135,0.26095439494018335,0.0004884615104288059,-0.0006917882576260581
3.734722222222222,4.506847841087783,0.2593683240143576,-0.007915190828498453,-2.7248792298373292e-06
3.734722222222222,4.46747684166535,0.25877546205724544,0.0006102780708943101,-0.0013498426093292437
4.4631944444444445,5.9072066440180935,0.3465016388753202,-0.04523396154399961,5.448137417873866e-07
4.4631944444444445,5.867349804718887,0.3451874092599052,-0.00024383584892007093,-0.0007465551033192241
4.470138888888889,5.6927688243111145,0.3335574837615332,-0.025795691821258515,2.2294601786931878e-07
4.470138888888889,5.649913625467248,0.33238367037910266,-0.00037894227043011597,-0.0007923711494299823
4.477083333333333,5.49404706235813,0.3254312183806909,-0.029051016550511122,2.0343141937662068e-07
4.477083333333333,5.437983264032576,0.32433792175460757,-0.0003779917051645043,-0.0011853704623661088
4.4840277777777775,5.433922197716091,0.3197669422525935,-0.004749083542264998,1.595223602657292e-07
4.4840277777777775,5.378933020524412,0.3187258008970951,0.00011530042780805161,-0.001538840438314537
4.490972222222223,5.429648395059447,0.3155149607201915,0.00817015691427514,-1.150429591589841e-07
4.490972222222223,5.3845062611584416,0.3145106544193072,-0.0011163469667963,-0.00047136762327681936
4.497916666666667,5.288357285872516,0.3121359654537076,-0.022252200811635703,-1.5974881190095047e-06
4.497916666666667,5.279090026131172,0.31115958110279773,0.00029148978862281183,-0.0004404781404332425
4.504861111111111,5.305973198726177,0.3093243851779964,0.0030678079929202795,-1.7725092060771885e-08
4.504861111111111,5.239966865967436,0.3083705579566464,-0.0006524952425195352,-0.0013999815404019955
4.511805555555556,5.269528883391517,0.3068933486758202,0.0015741644310764968,4.470835102132753e-07
4.511805555555556,5.233444991057577,0.3059588709289205,-0.0006088070994678674,-0.0006262110729551296
4.51875,5.293757889876997,0.3047225462798214,0.007544427178800106,1.1937387508487163e-06
4.51875,5.292681434371442,0.30380560860258166,0.00044633172873886906,-0.00028488318073982555
4.5256944444444445,5.275563032216206,0.30273108911281715,-0.013541345717385411,1.101920502066811e-07
4.5256944444444445,5.266947800724095,0.3018308323898547,-0.0013289524898709715,0.00048613084007342877
4.532638888888888,5.260703664636291,0.3008631925094703,0.0022135503240861,-1.439364641142582e-06
4.532638888888888,5.206491018156472,0.2999794134628328,-0.0006841126756569338,-0.001138237111433682
4.539583333333334,5.256736611837187,0.29907915700027615,0.005987200071103871,9.72066843907271e-07
4.539583333333334,5.238161692384887,0.298212100981834,0.0003721493748969351,-0.0006892206741611062
4.5465277777777775,5.244959240770056,0.29735008276000346,0.0005339098861441016,-5.236365870908699e-07
4.5465277777777775,5.2146189880986755,0.2965002797441835,-0.0006323517610553608,-0.0005501839386568008
4.553472222222222,5.185369811951732,0.2956551258409747,-0.006346567301079631,-1.4926272807191943e-06
4.553472222222222,5.18185368327583,0.2948232417309475,6.484227708369872e-05,-0.000123062685588593
4.560416666666667,5.158986558458542,0.29397890790622766,-0.008287653501611203,-9.951859316070788e-07
4.560416666666667,5.159181440169282,0.29316560814264353,-0.0011441132618870142,0.00042784445497545676
4.567361111111111,5.138914741758165,0.292310068067507,-0.007523798558395356,-9.431842687701586e-07
4.567361111111111,5.108198801488658,0.29151588471088447,0.00017347694841873817,-0.0009012667110823713
4.574305555555555,5.1301642900248,0.2906402907867988,-0.0050817562732845545,7.019325417301214e-07
4.574305555555555,5.077351386196373,0.2898654931231536,-0.0007764067764810534,-0.0012383675680496253
4.58125,5.061320004700461,0.2889633478080343,-0.020982336718589067,3.9462349529784113e-07
4.58125,5.0211955631197265,0.28820782434641,-0.0002171747038914873,-0.0010599614210491382
4.588194444444445,4.920687376195544,0.2872746600691047,-0.026803260494489223,-2.7155206226980866e-06
4.588194444444445,4.907866812894273,0.28653781875960577,-0.0006738023340631116,-0.00023709614126232736
4.595138888888889,4.898568265423849,0.28557079694536774,-0.00631995516596362,-5.211384007108855e-07
4.595138888888889,4.866006268137311,0.2848514981351257,-7.3571370649005985e-06,-0.0009115398608230407
4.602083333333334,4.826462955966959,0.28384887986856694,-0.00048380508087575436,-2.2078378205114824e-06
4.602083333333334,4.82951633451664,0.2831454176494408,0.00023854866105921246,7.152332943860529e-05
4.6090277777777775,4.822958236141405,0.28210666840570914,-0.005454316735267639,-4.5881402729874843e-07
4.6090277777777775,4.787018937594598,0.2814168079773822,-0.0007338277578980978,-0.0010279716549064233
4.615972222222222,4.798633519305452,0.2803423263667072,0.007797785976435989,-7.232867072631821e-07
4.615972222222222,4.787491900146223,0.27966340819853336,0.00044467932067959737,-0.0002935999045234894
4.622916666666667,4.7607245528909194,0.2785542848953636,-0.00010794535046443343,-1.6529696386796688e-06
4.622916666666667,4.758816285840734,0.2778833942055774,9.319021688725115e-05,-4.3740743905118507e-05
4.629861111111111,4.730632114830746,0.27674147630736684,-0.0073892768123187125,-1.1515909898590637e-06
4.629861111111111,4.684417025520594,0.27607566329632816,-0.0005898092400968835,-0.001507327292216587
4.636805555555555,4.659111173314577,0.2749033399863236,0.0017877622740343213,-1.7065168660262975e-06
4.636805555555555,4.643132566096487,0.2742398695435211,-0.0004202114840836657,-0.0006059374393885264
4.643750000000001,4.627183146226639,0.27303982454191283,-0.013783733709715307,-1.6818323668454926e-07
4.643750000000001,4.601067343049466,0.27237642388674027,-0.0003335406601649993,-0.0009371560142596991
4.6506944444444445,4.629875917121423,0.27115171286602685,0.012782043544575572,-3.8259913991839367e-07
4.6506944444444445,4.603718271922127,0.27048678016633304,-0.00038318745436072277,-0.001006664914996236
4.657638888888889,4.582335655828542,0.2692406128384727,-0.0030493566882796586,-1.1736635449344224e-06
4.657638888888889,4.574293516908959,0.2685733592046502,-0.0003563627163316596,-0.00044486266378385153
4.664583333333333,4.589411782781416,0.2673091984648291,0.004664706531912088,-3.1432622341759364e-07
4.664583333333333,4.551491920795991,0.2666397014073981,0.0006894928388874177,-0.0009087724652090401
4.6715277777777775,4.571605611046397,0.2653609999827052,0.010544729128014296,-5.629391272865287e-07
4.6715277777777775,4.541678592233346,0.2646901677859545,0.00017397008133457348,-0.0009527163469442712
4.678472222222222,4.484645455143187,0.26340035165115444,-0.017133558518253267,-1.5123687527110463e-06
4.678472222222222,4.457601726972736,0.2627298071305246,0.0006135947243706141,-0.0005589351457331304
4.685416666666666,4.384346470201195,0.26143235583884095,-0.016915282234549522,-2.1758048910427985e-06
4.685416666666666,4.328155902697841,0.2607642611518838,0.0012270601440036444,-0.001193585984708534
4.692361111111111,4.352057923816788,0.259462475119664,0.006422422709874809,-7.48912654252587e-08
4.692361111111111,4.331781074503137,0.25879932874276507,0.000571397350256575,-0.00032220214609424147
4.699305555555555,4.328378411214821,0.25749609014000796,-0.019352169998455793,8.52455871898361e-07
4.699305555555555,4.318580786632381,0.25684052409276836,0.00019486811908109303,-0.00022936167832199317
4.70625,4.277114425457286,0.2555387665873026,-0.004318355058785528,-1.9061878295673074e-06
4.70625,4.3005660814668625,0.25489336000830504,-0.0003864002578097825,0.0006420921149583592
4.7131944444444445,4.283044035104704,0.2535958071425704,-0.0030202142079360783,-1.0330698806543248e-06
4.7131944444444445,4.289969272695597,0.25296293745380855,-0.00031103794452747024,-1.1667792790603926e-05
4.72013888888889,4.204381757267286,0.25167209599787393,-0.014904406853020191,-2.930181084839778e-06
4.72013888888889,4.211487630347883,0.2510538329878027,-0.00018143992264185727,0.00013766883057542145
4.727083333333334,4.196524492055205,0.24977212370363808,-0.006235729262698442,-6.670667945518627e-07
4.727083333333334,4.182876672722067,0.24917016404744777,0.00024204833505336865,-0.00039986542321912566
4.7340277777777775,4.122109571361002,0.24789965028544933,-0.03253005619626492,-4.1561873195816723e-07
4.7340277777777775,4.113386120279368,0.24731529251395698,0.0004876410508245499,0.00014340113139610366
4.740972222222221,4.094693506641873,0.24605799388647964,0.0004161832039244473,-1.4100779994197232e-06
4.740972222222221,4.0498537759006625,0.24549214001172837,0.0002864381961558138,-0.0021014101036485044
5.5,5.638012399590499,0.33845689003045426,-0.013887391076423228,-8.237271007516256e-07
5.5,5.586908570411357,0.33716708513199944,-0.0008938596122618492,-0.0005875333433209562
5.506944444444444,5.455353450384608,0.3273681379442712,-0.018548958585597575,-8.841389715907866e-07
5.506944444444444,5.4271962999834225,0.3261976804242784,-0.0006958193223454145,-0.0002461884284059579
5.513888888888889,5.44339438327104,0.320085011532017,0.008009895158465952,-1.9565917204200645e-06
5.513888888888889,5.415074345337488,0.31898702505240595,0.00012175648643619752,-0.0007625383698552923
5.520833333333333,5.4061599994180725,0.3148032983261254,-0.004015307407826185,-4.122227684755231e-07
5.520833333333333,5.381003587041264,0.31375478505898013,-0.0012583159780206188,8.498295593994953e-05
5.527777777777778,5.3212559740530425,0.31068390531557083,-0.012928826443385333,-1.1092846963767222e-06
5.527777777777778,5.291950000439259,0.30967228039309364,0.00018653739104479428,-0.0008474632920183467
5.534722222222222,5.208924536534901,0.30728256503988344,-0.01791963231517002,-1.5507050646346165e-06
5.534722222222222,5.191079917373627,0.30630054276995095,0.0007736792662171865,-0.0008682640215056381
5.541666666666667,5.196453003299808,0.30434162079703486,-0.0013623947743326426,-3.847521058975012e-07
5.541666666666667,5.1470111369906375,0.3033849192569227,-0.001016510227401568,-0.0007680191941688008
5.548611111111111,5.192680248937939,0.3017012995622143,-0.010507143975701183,2.271080670246395e-06
5.548611111111111,5.1505634128994515,0.30076747577623353,0.00022942112292412276,-0.0012111282513842525
5.555555555555555,5.130941599366355,0.2992576301501924,-0.007046955171972513,-7.514351877402348e-07
5.555555555555555,5.098456826817665,0.2983454237084881,0.0007334738038196065,-0.0011885377899716332
5.562499999999999,5.07392677263692,0.296940624331211,-0.003203450352884829,-1.3341648410492013e-06
5.562499999999999,5.062454565739023,0.29604955000400146,0.00019949085071857553,-0.0003884673230061253
5.569444444444445,5.071396745259737,0.2947016015046474,0.012174857780337334,-1.4757733795556227e-06
5.569444444444445,5.0617260653342715,0.2938316756167665,-0.00039709338420834683,-9.870808031564593e-05
5.576388888888889,5.108637694582773,0.29250617263263096,0.011202777561265975,4.897221961286391e-08
5.576388888888889,5.0948339333851695,0.2916577062386876,-0.0011239210461155835,4.1427071892030654e-05
5.583333333333333,5.0770830516587715,0.29032984961965097,-0.014173658797517419,-1.7827830167682635e-07
5.583333333333333,5.035474737201409,0.289503277690177,-0.0002999200793851742,-0.0010175903968843159
5.590277777777778,5.075978754683566,0.28815541243350234,-0.009727250027935952,1.4726977028423072e-06
5.590277777777778,5.072913052386668,0.28735114081740715,0.00018023395853106194,-0.00013490188118225888
5.597222222222223,5.008292086466899,0.2859703492865293,-0.007463011133950204,-2.309215515916563e-06
5.597222222222223,5.0246741616638415,0.28518861995053757,0.0002230117231647455,0.0003904012666282597
5.604166666666667,4.915364679081555,0.28376625231216696,-0.022594901092816144,-2.703759720334986e-06
5.604166666666667,4.918540564563197,0.2830070138806027,0.0004291576915420592,5.525075437162741e-07
5.611111111111111,4.847742142385889,0.281537397989705,-0.008070681768003851,-2.403517289889523e-06
5.611111111111111,4.821954896913941,0.28080019660692607,-0.0004356342111293543,-0.0006482727360150875
5.618055555555556,4.746002703619646,0.2792799648253456,-0.014318685047328472,-2.117485571384581e-06
5.618055555555556,4.721598986349517,0.2785638602765892,0.00021545112997500837,-0.0007062009058529384
5.625,4.733311650097987,0.27699164809967997,-0.0035507925786077976,2.2171656899327985e-08
5.625,4.717294068496535,0.2762951649472443,0.00011155769834658713,-0.0004605339070735681
5.631944444444445,4.632279648371442,0.27467105558331945,-0.019137607945594937,-2.0530202802515607e-06
5.631944444444445,4.6064229403076045,0.273992184524289,0.00045438287676802247,-0.0007401475280346403
5.638888888888888,4.507438553776638,0.2723179581801948,-0.010907498188316822,-3.0059223395106915e-06
5.638888888888888,4.469693381133466,0.27165421234674375,-0.0001676631526095207,-0.0011254523405455075
5.645833333333333,4.384404834220832,0.26993259150378857,-0.013561426138039678,-2.3727430311371034e-06
5.645833333333333,4.386682582376743,0.2692811311270464,-0.0004270839131095272,5.612743848359969e-06
5.652777777777778,4.364700356058534,0.2675156030398644,0.006629164156038314,-1.6606251352635493e-06
5.652777777777778,4.357653524125837,0.2668734207132431,6.727559022579044e-05,-0.00020260287755036188
5.659722222222221,4.332092380171966,0.265068202991247,-0.006812467705458403,-9.040382127623037e-07
5.659722222222221,4.283370974460617,0.26443235444422425,-0.0005608368040554979,-0.0017070783210613172
5.666666666666667,4.246862385054611,0.2625923996745119,0.0011576612014323473,-1.7571319703285626e-06
5.666666666666667,4.251922942438633,0.261960254927988,-0.0003802306756597318,2.5367646145468825e-05
5.673611111111112,4.195989587889399,0.2600907725285602,0.0015464758034795523,-2.3991518317556526e-06
5.673611111111112,4.172706970227972,0.2594602581096171,0.0008381156101791021,-0.00041207543824839377
5.680555555555555,4.1617180054654135,0.25756687421043334,0.003554393828380853,-1.1069649940992354e-06
5.680555555555555,4.145408789279095,0.25693666693942113,-0.00015886935312892092,-0.0006548482090806829
5.6875,4.057088008328417,0.2550249678854689,-0.007697596272919327,-2.834723907815806e-06
5.6875,4.0339741846961745,0.2543946154728864,0.0001536571198812453,-0.0007489299831604512
5.6944444444444455,4.028206990597086,0.25247041932384534,0.011747181648388505,-1.4909126587886457e-06
5.6944444444444455,4.020253618642804,0.25184036424877115,-0.0010360341523778516,-0.0010177467710263954
5.701388888888889,4.019886036347337,0.24990907771962056,0.025822801108006388,-2.289135846364476e-06
5.701388888888889,4.022248425542725,0.2492805911805257,0.00028727704295761214,0.0003161802212616749
5.708333333333333,3.97769187287228,0.24734757029480178,0.0020423094392754138,-2.1312447920154853e-06
5.708333333333333,3.9737377912954925,0.246722602099524,0.0005102778897025928,0.0002715238408939058
5.715277777777777,3.9538043282531077,0.2447930332367583,-0.00458147341851145,-8.72741912221614e-07
5.715277777777777,3.9346075544300647,0.24417400769412934,0.0002289622981948014,-0.0006291308400250273
5.722222222222222,3.8632409567726262,0.2422526459250295,-0.015651688852813095,-1.8215891974923855e-06
5.722222222222222,3.8963199751926805,0.24164223718115702,-0.0017046695519411514,-0.00020542937636491843
5.729166666666667,3.852108850788117,0.23973349204104172,-0.006080525403376669,-1.6067705387572823e-06
5.729166666666667,3.8453341388477345,0.23913440506056197,0.0007863648087322872,0.0005340840554026727
5.736111111111111,3.8367000334938113,0.23724232503325476,-0.0020639256108552217,-6.899392752425515e-07
5.736111111111111,3.8242317869411706,0.23665710792759215,0.00022897669754229355,-0.0003756565770913767
6.726388888888889,2.827335073553536,0.28659138302395154,-0.043079722148831934,-2.5409762616723786e-05
6.726388888888889,2.8365378859317505,0.28575684599437945,-0.0004575017672436843,-0.0002302304862382698
6.733333333333333,1.695017976713218,0.22711341133103513,-0.008564462885260582,-9.526927773687022e-06
6.733333333333333,1.69261212736567,0.22670053317229527,-0.0005006692616120745,5.364065009416663e-05
6.740277777777778,1.2678969784615226,0.195303902668627,-0.007761018699966371,-5.199502096736586e-06
6.740277777777778,1.2671060553883315,0.19504044967771816,0.0006317132666708858,0.0001738014415195721
7.552083333333333,0.6211023163625949,0.08414826849138204,-0.29276753932936117,-4.733474842311125e-06
7.552083333333333,0.6203826477632951,0.08413758315947674,-0.000514816399800111,0.00013302795193226302
7.559027777777778,0.5886161361440044,0.08134554010830339,-0.06721545592881739,-8.785631405161531e-07
7.559027777777778,0.5889210626449639,0.08133579567965882,4.053371162626718e-05,-0.00033563882226417263
7.565972222222222,0.5730085632467334,0.08011231756052974,-0.03267017245525494,-1.9023577470800301e-06
7.565972222222222,0.5744006445024624,0.0801028831575718,0.0005534123843062844,-0.0010148195337649213
7.572916666666667,0.5702895393437486,0.07934657715783716,-0.016643843438941985,-5.009905825192895e-07
7.572916666666667,0.5697753402323197,0.07933727286412882,-0.00020206860239113666,0.00040158529483846905
7.579861111111111,0.5563608212134612,0.07878663024102901,-0.03491983289131895,-2.0285955546761603e-06
7.579861111111111,0.5550771616761585,0.07877737242268255,-0.0008278224253785993,0.0002283245112835175
7.586805555555555,0.5495068461850295,0.07833783685721954,-0.0022474286379292607,-1.1438057809787239e-06
7.586805555555555,0.5502747519696359,0.07832857441240842,0.0006332956197923068,0.00027841952126550495
7.59375,0.5431721338505924,0.07795731944471665,-0.012508625455666333,-1.2858615246746918e-06
7.59375,0.5418533544914688,0.07794801495000507,-0.001025153576165394,-0.0003801633937996485
7.600694444444445,0.5378698777577781,0.07762261272865567,0.01156038953922689,-1.1442214163104314e-06
7.600694444444445,0.5386675779188936,0.07761323514727851,0.0005975480980282555,0.00018974241092450939
7.607638888888889,0.5398772875834242,0.07732065779112401,0.0031379222054965794,1.152080850164161e-07
7.607638888888889,0.5396149031581993,0.07731117909248422,-9.499790715494782e-05,0.0002683945344301719
7.614583333333333,0.5377754599165956,0.0770432411817432,-0.009264498192351311,-2.2840132754553544e-07
7.614583333333333,0.5384075325821996,0.07703363453876894,0.0003088997104896407,-0.0003718559744072536
7.621527777777778,0.5320076741086512,0.07678486360643758,-0.008677580393850803,-1.257481737182431e-06
7.621527777777778,0.5315662805615966,0.07677510231328678,-0.0002546712605067114,9.943644042209598e-05
7.628472222222222,0.5309524824520038,0.07654165048769017,-0.014823680219706148,2.6859872087614534e-07
7.628472222222222,0.5303268476583701,0.07653170724081691,-0.00039823544105388464,-5.592054588987594e-05
7.635416666666667,0.5248072207551535,0.07631075376983472,-0.006630236515775323,-1.1345954908648093e-06
7.635416666666667,0.526018257627887,0.07630060015301655,0.0006231658857700495,-0.0005212774396454734
7.642361111111111,0.5293297566310049,0.07609000441770813,-0.013594398915302008,1.2579485245967081e-06
7.642361111111111,0.5306719319188548,0.07607961051993824,0.0009684509486191928,0.0010587163542368216
7.649305555555555,0.5290587244038639,0.07587769991511728,0.005671570426784456,-6.80038312966813e-07
7.649305555555555,0.5272157056349144,0.07586703405781431,-0.001057100924469978,-6.557861448186486e-05
7.65625,0.517690570472307,0.07567246949516689,-0.009342230390757322,-2.0628464737632024e-06
7.65625,0.5179404411437818,0.07566149807523807,8.401895348697508e-05,-0.0004122826707373406
7.663194444444445,0.5175423984235237,0.07547318520651118,0.0010881507187150419,-1.9852575858236854e-07
7.663194444444445,0.5165941624049128,0.07546187269119752,-0.0005215764840613701,-0.0001234868916526466
7.670138888888889,0.5163158048520713,0.07527890113168065,-0.016246914223302156,6.847376263219296e-07
7.670138888888889,0.5169320261061143,0.0752672102649194,0.0002973522461218181,-0.00027838473491215154
7.677083333333333,0.5130438216955099,0.0750888119784122,0.006248057296033949,-1.4246451399413385e-06
7.677083333333333,0.5148031847818924,0.07507670429412394,0.0008985929995617425,0.00016444599037868102
7.684027777777778,0.5102727440241792,0.0749022231337635,-0.007569636742118746,-8.741816519275414e-07
7.684027777777778,0.5098546092816657,0.0748896598995488,-0.00017623872429339826,0.0008055608732320252
7.690972222222222,0.5079511223375507,0.07471852953208231,-0.00012542313197627664,-5.670818388203713e-07
7.690972222222222,0.508418950641041,0.07470547328399037,0.00022573272747195006,0.00020241023955236415
7.697916666666667,0.5083273436421799,0.07453720019458186,-0.01830401422921568,1.064364703887155e-06
7.697916666666667,0.5077039092428582,0.07452361703330963,-0.00030944880080596704,0.0010013053430952823
7.704861111111111,0.511167736679078,0.07435776799606043,0.0018823931459337473,8.623027783864756e-07
7.704861111111111,0.51185998641178,0.07434363079665861,0.0003220582951541928,-0.00012334436053151876
7.711805555555555,0.5123628957945123,0.07417982261301277,0.010824620898347348,-6.159965911115353e-07
7.711805555555555,0.5101508390900511,0.07416511520635759,-0.0010077983118321754,0.00019325655060242752
7.71875,0.5115925965428745,0.07400300719171068,0.0009932521497830749,3.301250861061783e-07
7.71875,0.5096483092895745,0.0739877293819532,-0.0007682251019502928,-0.0009713982796881737
7.725694444444445,0.5091114386624034,0.07382701642300445,0.004955814685672522,-5.702699490857388e-07
7.725694444444445,0.5084988974841559,0.07381118939819874,-0.00028790846437232176,0.00013438789693509534
7.732638888888889,0.5052110963974068,0.07365159697612746,-0.009332751273177564,-3.6723011141714945e-07
7.732638888888889,0.5065681101233966,0.07363526826825273,0.0005812889017136058,0.00013072669025859796
7.739583333333333,0.5010474925375316,0.07347654808881732,-0.010935593745671213,-9.441268575480222e-07
7.739583333333333,0.5014582582519327,0.07345979489461897,0.00031934112627141076,-0.0007112273989946516
8.5625,0.3683658493587028,0.06391143032474075,-0.08496861619642004,-5.41991838076683e-07
8.5625,0.36823154380529627,0.06390676784562481,-3.815812942775665e-05,0.00011587023038828193
8.569444444444445,0.35447227306343576,0.06133038587430883,-0.01854468515375629,-3.119136624540886e-07
8.569444444444445,0.35445066391693325,0.06132599961828072,0.0004569896091197734,0.00011096517354758362
8.57638888888889,0.35340026749143444,0.06015002245317771,-0.001068268611561507,6.899343317767759e-07
8.57638888888889,0.3537254334265759,0.06014572630162073,0.00042449731938631885,-0.00023372695721946002
8.583333333333334,0.36104518737562863,0.05944989173258604,0.018574743764474988,5.963822037324817e-07
8.583333333333334,0.3607881549191585,0.059445637336280006,0.00017424052629166908,0.0002771869192486065
8.590277777777779,0.3540806027231566,0.05896994616376056,-0.018614316708408296,4.750067690295623e-07
8.590277777777779,0.35381310407563166,0.058965714668764255,-0.0007176293726729455,0.0001438782847458242
8.597222222222221,0.3508034108718189,0.058608212524326575,-0.006858155713416636,8.07887160336751e-07
8.597222222222221,0.35183789826766926,0.05860399468500081,-0.00020117859722290632,-0.0010117585117939143
8.604166666666666,0.35161829423485375,0.058316480445561356,-0.00659712782362476,-2.715120547280847e-07
8.604166666666666,0.3518592541227738,0.05831227092930591,0.0005093066814652047,-0.00015462209000816074
8.61111111111111,0.3522200519496632,0.058068974086427014,-0.003625358047429472,-1.5735769498537167e-07
8.61111111111111,0.35231611296928034,0.058064769359080615,-0.000497043526820562,-0.00016305079054745875
8.618055555555555,0.3510912836690977,0.05785064921427072,-0.015985099074896425,-1.7224490184153396e-07
8.618055555555555,0.3501590401048665,0.05784644658860685,5.360437094736881e-05,0.0008844389691375909
8.625,0.3467157593688141,0.05765212828571932,0.004239410802256316,1.7394208909893294e-06
8.625,0.3463707528611806,0.057647925407809456,-0.00011652672253603669,0.0003082721585769832
8.631944444444445,0.3466992998666937,0.0574672598696371,0.0010839564492926002,1.6391749613209328e-07
8.631944444444445,0.34647389398677253,0.05746305437565915,0.0007377640951631292,0.00034212065219207943
8.63888888888889,0.34486060495997656,0.0572918427487175,0.010002750088460743,1.0881744416380013e-06
8.63888888888889,0.3452052373539623,0.057287631974136735,0.0005665984229494825,-0.0002196682590920318
8.645833333333334,0.34382164796640546,0.05712291338901624,0.01951051747892052,1.1290346483283642e-06
8.645833333333334,0.343901790980158,0.057118694062036776,0.00039901228586813886,1.2134634971516789e-05
8.652777777777779,0.33920579786225064,0.05695832684841974,0.0019167436985298991,1.8655481353879733e-06
8.652777777777779,0.3398777565045083,0.056954094716032085,0.0005658376688870703,-0.0005142373485114149
8.659722222222221,0.34086504510091753,0.05679649897610137,0.01735247508622706,5.0776307880529004e-08
8.659722222222221,0.33997314301059894,0.05679224831040619,-0.00046671427492128714,0.0007478210736167057
8.666666666666666,0.34407821347223816,0.05663624152593175,0.0027033290825784206,-1.1606365449556844e-06
8.666666666666666,0.34418813427474615,0.056631964447731664,-0.00014471270242211176,-0.0001563008124207954
8.67361111111111,0.3458485118323961,0.05647665341341337,-0.0022569700959138572,-3.4310107996371464e-07
8.67361111111111,0.3461904583889352,0.0564723389538343,4.986984549759654e-06,-0.00034003482625166725
8.680555555555555,0.3465752382950853,0.0563170461933747,-0.00024188199313357472,7.83006423588084e-08
8.680555555555555,0.34750970823398797,0.05631267899144172,0.0006990699483253593,-0.0006513584710887699
8.687500000000002,0.3466439187870281,0.05615689189945296,0.0005812569870613515,4.7094689462068295e-07
8.687500000000002,0.34635372119559865,0.0561524504099833,-0.00012786707395662233,0.00023471844849609624
8.694444444444443,0.3440736599051308,0.05599578502112746,0.007441026391461492,8.128106460114637e-07
8.694444444444443,0.3444074949892365,0.055991239091215145,-0.0001060307905333957,-0.00040500617598127064
8.70138888888889,0.34749146606837844,0.05583341379196462,-0.0032638953998684883,-7.083761676129896e-07
8.70138888888889,0.34690087958685123,0.05582872147323404,-0.0005346628345819227,0.00027673773391256873
8.708333333333334,0.33997447842670925,0.05566953764644742,0.015308880247175694,2.0176875826782847e-06
8.708333333333334,0.339162486205711,0.055664641179768666,-0.000629380297851867,0.00039700638504314156
8.715277777777779,0.3363000254802801,0.0555039681000771,-0.0022371815284714103,1.1406865303015268e-06
8.715277777777779,0.335813168493358,0.055498789200672964,-0.0009084274218764676,-0.0002720985020800981
8.722222222222223,0.34081536381812005,0.05533655348988877,-0.012591185048222542,-9.803354176357582e-07
8.722222222222223,0.3413574381763445,0.055330988455043396,-4.726116051756435e-05,-0.0006599728216372114
8.729166666666666,0.3351269294600877,0.05516716513105032,0.001058270747307688,2.0838549971563536e-06
8.729166666666666,0.3354109082294259,0.055161080988501365,0.00028907503212849406,2.278592609172847e-05
8.73611111111111,0.3375939686893781,0.05499568605359678,-0.0065959260100498796,-2.304414100096075e-07
8.73611111111111,0.3374797829334169,0.05498891998628826,-0.0006557998678999866,-0.0008123500749093182
8.743055555555555,0.33957943707361765,0.054822006000615604,0.02065644774120301,-1.2732784259589236e-06
8.743055555555555,0.3382459236096205,0.05481437140489486,-0.0009579240700645641,5.749530711796069e-05
9.581944444444446,0.37502314475774756,0.05503826916876982,0.05186298192711547,1.603055820698085e-06
9.581944444444446,0.3759294330630174,0.05503464366623997,-0.00063719673667606,-0.0007051273136653435
9.588888888888887,0.3471935255404261,0.0524239638855176,0.02161575114587322,9.208572998575804e-07
9.588888888888887,0.34599594007884305,0.05242089124192254,-0.0001247921489948567,0.0013146531604206757
9.595833333333333,0.30849148141100813,0.05091968266062782,0.04343946394510567,-5.04286464475534e-07
9.595833333333333,0.3080590110297577,0.05091689059069832,0.00015483555984019404,0.0004678808551545899
9.602777777777778,0.3049003838061149,0.049933105315153145,0.004664315842092037,2.2825189149866532e-07
9.602777777777778,0.30448320085482894,0.049930480218078374,0.00011878020035283043,0.00047853912934670007
9.609722222222222,0.3077697080478681,0.04922974452401781,0.00021149497479200363,-8.798423845046699e-07
9.609722222222222,0.3080354689582944,0.049227228231628305,-0.0007451835391236727,-0.00019519919851518353
9.616666666666667,0.29418257142325327,0.04869797821584373,0.02356272004544735,7.037987109770327e-07
9.616666666666667,0.2941382843178383,0.04869553674441082,0.00014517138839664767,3.211590723140034e-05
9.623611111111112,0.3022150183736527,0.048277849165896926,-0.013164739473722875,-2.702180292302181e-07
9.623611111111112,0.30248306000262243,0.04827546067501808,-0.0001058514638430097,-0.00032670223671971144
9.630555555555555,0.29656696450418074,0.04793426542857196,0.010458413045853376,8.809470765092087e-07
9.630555555555555,0.2968817362500824,0.0479319147874136,-0.0001430879379427097,-0.0003876623470659979
9.6375,0.300625414901975,0.04764531890445693,-0.009066759317647666,3.7180617540322203e-07
9.6375,0.3012645765993249,0.047642994947027846,-0.0013445442619399728,-0.0006205753572032791
9.644444444444444,0.2965782962024337,0.047396631700619175,0.009127464145421982,8.835281364305558e-07
9.644444444444444,0.29586689638734764,0.04739432571381476,0.00026491829825658897,0.0009075285552171408
9.651388888888889,0.2966080022577843,0.04717838117484535,0.009715634805615991,-1.342835972528711e-06
9.651388888888889,0.29641844826321256,0.047176086005374956,0.0010079527046968906,9.626241569549165e-05
9.658333333333335,0.28763714127162304,0.046983635647355894,0.02387372317025438,6.965425257687841e-07
9.658333333333335,0.2871833356165515,0.04698134514029053,0.000495736845095962,0.0005456775930667845
9.665277777777776,0.2732723119359091,0.04680736931915282,0.02165204763878137,3.31845207823811e-06
9.665277777777776,0.2739663274281533,0.04680507794300655,-0.00038632556908169136,-0.0009041153979012506
9.672222222222222,0.27676757614969827,0.04664585633582455,0.00010322569869458675,-8.197916995800192e-07
9.672222222222222,0.27744380649310557,0.04664355891367023,1.5218277155781834e-05,-0.0009393024081134627
9.679166666666667,0.274583288531573,0.04649628275872079,0.010722238221205771,2.4963785177911646e-07
9.679166666666667,0.2743281644944723,0.046493974256207375,-0.00018041635539134404,0.000377223102930202
9.686111111111112,0.2775001682056406,0.04635648870509672,-0.0029613355291076005,-6.089838406053705e-07
9.686111111111112,0.2775192705927704,0.04635416404038892,-0.0007920583709619677,5.7743625887951566e-05
9.693055555555556,0.2731152907961064,0.04622479537953933,0.018970760225784034,-1.2374949398541446e-09
9.693055555555556,0.27290410215714805,0.04622244922244157,0.0006845677419846652,0.000239981231203501
9.700000000000001,0.27735497162982325,0.04609988308946744,-0.012857226131018251,-2.036318941245341e-08
9.700000000000001,0.2769584992869546,0.04609750961201568,0.00028511634786809736,0.0005434829859609636
9.706944444444444,0.27897455275204486,0.04598070594974225,-0.00939429790014401,6.082494241888003e-07
9.706944444444444,0.27885828110498806,0.04597829847422221,0.0009566031483245752,0.00012406289843625018
9.713888888888889,0.28148355432806466,0.04586642850190934,-0.0012692120508290827,-5.921852063439648e-07
9.713888888888889,0.28147587526986645,0.04586397896352801,0.0006751993567206682,4.580641643769923e-06
9.720833333333333,0.28030687258524517,0.045756379690440704,0.009358359675388783,-1.6519224863009718e-07
9.720833333333333,0.28015007519684504,0.04575387778239612,-0.00031363755095981105,0.00021483666012045433
9.727777777777778,0.2743546342408067,0.04565001756779261,0.01037105347495526,1.7373465376058217e-06
9.727777777777778,0.2745232132823873,0.045647449359676434,-0.00034946435363281125,-0.00027949978621677474
9.734722222222224,0.27609232214510987,0.04554690191737718,-0.0009337856317870319,-1.8466126255889392e-07
9.734722222222224,0.27689457376851323,0.04554424762603165,-0.00035371343381029874,-0.0012362962559393509
9.741666666666665,0.2734044142283258,0.045446672349478176,0.005044103541877121,1.363098676210317e-06
9.741666666666665,0.2738595172339587,0.04544390279877461,3.861120472947732e-05,-0.0006638936463900791
10.602083333333333,0.36934821818292485,0.05408042816794697,0.03430155210662633,9.656559884496652e-07
10.602083333333333,0.36859196365087066,0.05407691815341256,-3.9257988618146555e-05,0.0008545269911337527
10.609027777777778,0.34542103918626194,0.05251843353636223,0.02079383982345462,9.256515338118554e-07
10.609027777777778,0.3457713799376897,0.05251524181861672,-0.00027045443823681126,-0.00025514799912684794
10.615972222222222,0.32981003059202213,0.05163635416444037,0.021514611376915127,-1.8144377245121746e-07
10.615972222222222,0.32915382178073316,0.051633317108555205,0.0007759658398072133,0.00034748627265912546
10.622916666666669,0.3251241025977537,0.051079748626118894,0.006004074355587363,5.042510767272468e-07
10.622916666666669,0.32497624546641024,0.0510767909883054,0.000560935648479699,-0.00015406428892106305
10.62986111111111,0.3230373761293161,0.050703962415324995,0.0031944759539328516,5.861704072684937e-07
10.62986111111111,0.32308875614390914,0.05070104198755051,0.0004344328944796416,-0.000338224345512117
10.636805555555556,0.3158611827971183,0.0504388665284256,0.014835515641607344,4.269870272910481e-07
10.636805555555556,0.31575112596262944,0.050435956003908926,-0.0003568125330559724,0.0003732981357131848
10.64375,0.31691738574514644,0.05024632622159563,0.001571162196341902,-3.5377200846564705e-07
10.64375,0.316720626665827,0.0502434058034098,-0.000312958679245412,0.00046828220780525953
10.650694444444444,0.30492114015631394,0.05010382142196068,0.025250068574678153,1.3107526591338292e-06
10.650694444444444,0.30491182944041967,0.05010087532681474,0.0013476655482804745,-0.0008961514231202727
10.657638888888888,0.30927190688266387,0.04999719642713679,-0.006246850069146603,-4.5192911396485513e-07
10.657638888888888,0.3089859572282955,0.04999421103467524,-0.00039798204215912847,0.0006634143064445652
10.664583333333333,0.29779554717717155,0.0499171099686134,0.024632311309687793,1.9220123148033785e-06
10.664583333333333,0.2973235435905164,0.04991407274566909,-6.116567695357844e-05,0.0006847286932156749
10.671527777777778,0.2939330974474216,0.04985714959402635,0.004810299491509795,1.5290609417517587e-06
10.671527777777778,0.29406069617943636,0.04985404841659327,-0.0005414333794533377,0.00022325496607322748
10.678472222222222,0.2981133624337123,0.04981277143018438,-0.01175215479452163,3.6604069714174514e-07
10.678472222222222,0.298062103463629,0.04980959412278463,-6.280631663457825e-05,0.00011764426119498239
10.685416666666667,0.2984928213229383,0.049780668081831965,0.011654341884423047,-1.4735786940112128e-06
10.685416666666667,0.298842227188428,0.04977740208547005,0.0002053788116427313,-0.0006380284635838507
10.692361111111111,0.2989036360630177,0.04975837732635041,-0.004048244911246002,1.170172664821667e-06
10.692361111111111,0.29864379402963664,0.04975500945022356,-0.0005746083717781403,0.0008171887878631878
10.699305555555556,0.29588780945716553,0.04974403143222646,0.01547985925571993,-1.9993778410665186e-07
10.699305555555556,0.29570361886966284,0.04974054766992614,0.00018533830910882898,9.859767862963054e-05
10.706249999999999,0.29144627603012346,0.04973619045911443,0.006256088323425502,1.9842351929866275e-06
10.706249999999999,0.29127344063701716,0.049732575868495714,-1.865885224106023e-06,0.00023710587024083907
10.713194444444444,0.29436742821986767,0.04973372914781424,-0.0008636500569991767,-9.598731769977498e-07
10.713194444444444,0.2951440339200288,0.04972996780993621,-0.0006187022781034557,-0.0005155090263997408
10.720138888888888,0.29556663239263375,0.04973575820247721,0.002737363742198795,-7.220945230645981e-09
10.720138888888888,0.29498018944287124,0.04973183329315977,0.0007489182636390979,0.00012382316376147173
10.727083333333333,0.2910110865982204,0.04974156754563258,0.016422577551566064,5.48705301861574e-07
10.727083333333333,0.2908957810839996,0.04973746157930705,0.0004964296207106145,-0.00029709616705986264
10.73402777777778,0.2881776828148017,0.04975058623314653,-0.005377799679990858,2.7758875794647864e-06
10.73402777777778,0.2874553324427402,0.049746281571500434,0.0007890232081422255,0.00023100307646473084
10.74097222222222,0.2874894331183451,0.04976235301582486,-0.002116199815645814,8.445986107719072e-07
10.74097222222222,0.287021306875326,0.04975783278136813,0.00029161661313992226,0.00034416593857145017
11.629166666666665,0.4075017413126136,0.06796688535706731,0.03496038384037092,1.4820616625610405e-06
11.629166666666665,0.4094215923330578,0.06795858766962419,-0.0004107749958279783,-0.0009861835377193984
11.636111111111111,0.39074912391324773,0.06704437401677328,0.01722122443607077,1.0961045919799517e-06
11.636111111111111,0.3900585298911661,0.06703635320866269,-0.0005659974696072823,0.0009541049079757613
11.643055555555556,0.38702426126785,0.0665404607159651,0.01011990854749456,-9.775059707228806e-07
11.643055555555556,0.3863482647659185,0.06653253755614312,0.0007541838155304958,-0.00014512457860860195
11.65,0.38264199811667504,0.06624191214378011,0.007023409125395119,2.2908184388326092e-07
11.65,0.3819543830963579,0.06623399343639107,-0.00013564624819650817,0.000622818732693986
11.656944444444445,0.3782279995514136,0.06605889139076199,0.006390844820998609,5.528835166357382e-07
11.656944444444445,0.3792103747231323,0.06605091777201318,-6.117397862226426e-05,-0.0006755860594580554
11.663888888888888,0.37499559504290614,0.0659469653040142,0.0010890199919231236,1.732309786506292e-06
11.663888888888888,0.3736814219838121,0.06593889268634383,0.000736049107757708,0.00031076713366928743
11.670833333333333,0.3703420739597019,0.06588163367157723,0.022736167069524527,-1.7964250286772732e-06
11.670833333333333,0.3722182179014032,0.06587342518407058,-0.0013646938865576885,-0.00012893018418935753
11.677777777777777,0.3725353397802506,0.0658482786700086,0.005035548645537347,-3.2564923652111943e-07
11.677777777777777,0.3719762777791051,0.06583990059443673,0.00011433015930606416,0.0003124993001222265
11.684722222222222,0.37915152737480873,0.0658376390680286,-0.021385739906691015,7.970707212034966e-07
11.684722222222222,0.37939656446444475,0.06582905851140543,0.00012092447587974675,-0.00030752163524994103
11.691666666666666,0.38043822534297594,0.06584356469034773,0.0007301236037164927,4.7064003583230374e-08
11.691666666666666,0.3801995899573368,0.06583474807926508,-2.667458227278985e-05,0.00020947593162645717
11.698611111111113,0.37706505293939374,0.0658618127490038,0.0005825411062687635,1.5164840601600282e-06
11.698611111111113,0.37743080512403454,0.06585272473356588,-0.0001104442454789023,-0.0001614086187942121
11.705555555555554,0.37047077043370724,0.065889364514864,0.01950407586991787,7.051690449899617e-07
11.705555555555554,0.37004395444403815,0.06587996707749508,0.0007344183853206232,-0.0004814614175359111
11.7125,0.36661453804382416,0.06592401606030665,0.012648764706682414,2.954182941605765e-07
11.7125,0.3682649939150671,0.06591426772377462,-0.00015463713054941763,-0.001084474571911187
11.719444444444445,0.36869945546424243,0.06596412363665059,0.006393887859303504,-3.41800788172808e-07
11.719444444444445,0.36751314030102655,0.06595397871516068,0.00034156972333221347,0.0005044036971355581
11.72638888888889,0.3682782974591514,0.06600843803790989,0.0051531794597394764,-3.132292640817269e-07
11.72638888888889,0.36699800573373875,0.06599784590763817,0.00034704031105547983,0.0005540674040389604
11.733333333333333,0.36233721652977835,0.06605599486460849,0.008455229515675455,1.2292642508904272e-06
11.733333333333333,0.36155463612592664,0.0660448992570134,0.0002878269892221397,0.00023392106959363446
11.740277777777777,0.35620725757714117,0.06610603909563542,0.007398735790047795,1.5762904344573947e-06
11.740277777777777,0.3558232865752153,0.06609437744580131,0.0003069708429848106,-0.00010547837254648584
12.668055555555556,0.5383088570738915,0.10951192570178181,0.060474600293673575,-1.1830952678093531e-06
12.668055555555556,0.5367286620466408,0.10946857674511042,0.0007034526816482867,-0.00012564282232574442
12.675,0.5175469741687556,0.10738729331809402,0.012246146565303206,4.985871399076913e-08
12.675,0.5174963826203984,0.10734616294592601,-0.0007699662278923824,0.0005372992128513943
12.681944444444444,0.5225427706664927,0.106216350643186,0.004527409444563091,-7.727207298469096e-07
12.681944444444444,0.5213281681966799,0.10617621338041112,0.0010720100906951302,-0.00046782311744664185
12.688888888888888,0.5104438904991778,0.10549623721846947,0.009233377582859248,3.422012436749e-07
12.688888888888888,0.5118211656428469,0.10545650800211008,-1.271606151931337e-05,-0.000316887186357917
12.695833333333333,0.5113292122298948,0.10502044416889454,0.0009902962483465672,3.362618253843763e-07
12.695833333333333,0.5114674947184502,0.10498078601028464,-0.0001665769193550659,8.944162524926469e-05
12.702777777777778,0.5314145453647868,0.10468820300073514,0.0015146085061132908,-1.740051698617684e-06
12.702777777777778,0.5337839814855107,0.10464839376890446,-0.000642241933888954,-8.803139908764024e-05
12.709722222222222,0.5177372923567967,0.1044442403545904,0.018786907952744514,3.4363188960995217e-07
12.709722222222222,0.5212094163398711,0.10440411724126468,-0.0007669069999280964,-0.0002512802220735466
12.716666666666667,0.5186600829555532,0.10425549823183376,-0.0034190453006885946,9.356506039948087e-07
12.716666666666667,0.522784113527862,0.10421493118934741,-0.0006100802140167616,-0.0005240001351012324
12.723611111111111,0.5428235293411537,0.10410085981953249,7.408758392557502e-05,-1.5279714583038562e-06
12.723611111111111,0.5427773555217122,0.10405973747554693,-0.0009031932832215261,0.000744756343891595
12.730555555555556,0.5451480957847317,0.10396607873358309,0.016224171791691333,-9.871013198492484e-07
12.730555555555556,0.5480672509019314,0.10392430037577309,0.0003366134849898117,-0.000997633294048228
12.7375,0.5406111070488824,0.10384109073585371,0.004266759904567152,8.24064188387208e-07
12.7375,0.5428098190944489,0.10379856152977793,-0.00027684346940759497,-0.0003054031330975704
12.744444444444444,0.5120340335050939,0.10371851488684589,0.019888454640749842,1.8986689957478653e-06
12.744444444444444,0.5162081610726523,0.10367514295703494,-0.00033056892419836004,-0.0007403172281499337
