arc,arc_hours,phase,start_days_from_perilune,separation_km,model,burn_m_s,n_measurements,excluded_fraction,separation_min_km,separation_max_km,target_moon_distance_min_km,los_departure_max_arcsec,range_sigma_km,cross_range_sigma_km,range_sigma_weaker_prior_km,prior_limited,scale_information_ratio
12 h,12.0,0.0,0.0,10.0,nonlinear,0.0,73,0.0,10.0,90.14140255481756,3245.236168691912,2219.1229831966316,0.5056620855427668,0.0007839842899061268,0.5058390547532178,False,1268439.627385522
12 h,12.0,0.0,0.0,10.0,linear,0.0,73,0.0,10.0,90.14140255481756,3245.236168691912,2219.1229831966316,18.98189364455448,0.0006411866569667191,189.81893636250138,True,3.615822444149321e-15
12 h,12.0,0.041666666666666664,0.2733686812521887,10.0,nonlinear,0.0,73,0.0,9.392815842578237,10.000000000000068,19126.440806165698,32.65884818084631,41.06891712027859,0.0005184586730275432,41.18535887235037,False,187784.15811119883
12 h,12.0,0.041666666666666664,0.2733686812521887,10.0,linear,0.0,73,0.0,9.392815842578237,10.000000000000068,19126.440806165698,32.65884818084631,543.8708280511177,0.0003868154532791068,5438.708270988313,True,3.647271616752899e-11
12 h,12.0,0.08333333333333333,0.5467373625043774,10.0,nonlinear,0.0,73,0.0,9.27603257090357,9.999999999999266,30648.521816989098,9.619012007406804,246.70101059912426,0.0004957894006102692,257.9789434170763,False,27752.40867895618
12 h,12.0,0.08333333333333333,0.5467373625043774,10.0,linear,0.0,73,0.0,9.27603257090357,9.999999999999266,30648.521816989098,9.619012007406804,839.3770981152292,0.0003928655903715072,8393.770857033092,True,3.021672709783058e-10
12 h,12.0,0.125,0.8201060437565663,10.0,nonlinear,0.0,73,0.0,9.521842413288937,9.999999999999833,39614.14589207334,4.082912310886739,607.91509028806,0.00045582267385532716,810.5086357046723,True,5689.294404621866
12 h,12.0,0.125,0.8201060437565663,10.0,linear,0.0,73,0.0,9.521842413288937,9.999999999999833,39614.14589207334,4.082912310886739,914.542526878216,0.0003958430362141565,9145.425097569241,True,4.0035799524103243e-10
12 h,12.0,0.16666666666666666,1.0934747250087549,10.0,nonlinear,0.0,73,0.0,9.652820216057227,9.99999999999363,46941.00160236527,2.2761426730697654,836.8715290437043,0.00041862089142010556,1813.9212088344618,True,1825.8938231961183
12 h,12.0,0.16666666666666666,1.0934747250087549,10.0,linear,0.0,73,0.0,9.652820216057227,9.99999999999363,46941.00160236527,2.2761426730697654,938.5320329623887,0.0003970464937006981,9385.320160324605,True,3.721678097582282e-10
12 h,12.0,0.20833333333333334,1.3668434062609438,10.0,nonlinear,0.0,73,0.0,9.725990089993182,9.999999999994822,53021.71908736682,1.491489082220353,912.8724315120951,0.00040470328374489105,3179.1779122202524,True,790.9114068714161
12 h,12.0,0.20833333333333334,1.3668434062609438,10.0,linear,0.0,73,0.0,9.725990089993182,9.999999999994822,53021.71908736682,1.491489082220353,948.2285545535849,0.00039749052519570704,9482.285367424949,True,3.856213371570463e-10
12 h,12.0,0.25,1.6402120875131325,10.0,nonlinear,0.0,73,0.0,9.769603751201435,10.000000000000465,58065.5820052536,1.0890291552696778,938.0915075739912,0.00040040462145084183,4673.611708797068,True,422.6650487918073
12 h,12.0,0.25,1.6402120875131325,10.0,linear,0.0,73,0.0,9.769603751201435,10.000000000000465,58065.5820052536,1.0890291552696778,952.7800422234138,0.00039769249097693836,9527.80023959577,True,3.984355910940684e-10
12 h,12.0,0.2916666666666667,1.9135807687653215,10.0,nonlinear,0.0,73,0.0,9.796408903553248,9.999999999995437,62197.92212713029,0.8611585517459821,947.8500837391746,0.000398934099642186,5996.177435030117,True,264.28496570607246
12 h,12.0,0.2916666666666667,1.9135807687653215,10.0,linear,0.0,73,0.0,9.796408903553248,9.999999999995437,62197.92212713029,0.8611585517459821,955.1076602749093,0.00039772141426788375,9551.076406759934,True,4.3633714985109874e-10
12 h,12.0,0.3333333333333333,2.1869494500175097,10.0,nonlinear,0.0,73,0.0,9.812751693596137,9.999999999994522,65498.96978500834,0.7251494410291955,952.1745386016513,0.0003983142133933465,6978.9654524049,True,187.26173993610314
12 h,12.0,0.3333333333333333,2.1869494500175097,10.0,linear,0.0,73,0.0,9.812751693596137,9.999999999994522,65498.96978500834,0.7251494410291955,956.3445658303219,0.0003977574230819894,9563.445473225805,True,4.020493003333198e-10
12 h,12.0,0.375,2.4603181312696987,10.0,nonlinear,0.0,73,0.0,9.822143549024002,10.000000000001323,68021.85026987971,0.6434482649355566,953.774243040317,0.0003981150974693546,7388.419521833595,True,147.21425570383113
12 h,12.0,0.375,2.4603181312696987,10.0,linear,0.0,73,0.0,9.822143549024002,10.000000000001323,68021.85026987971,0.6434482649355566,957.0008852888378,0.0003978176930634498,9570.00865516314,True,4.3130774232458085e-10
12 h,12.0,0.4166666666666667,2.7336868125218876,10.0,nonlinear,0.0,73,0.0,9.826703249152777,10.000000000000643,69801.85227248151,0.5975169092603223,952.5985850229926,0.00039815945024056167,6774.737680270677,True,126.64927782141926
12 h,12.0,0.4166666666666667,2.7336868125218876,10.0,linear,0.0,73,0.0,9.826703249152777,10.000000000000643,69801.85227248151,0.5975169092603223,957.3348358644139,0.0003979171026034779,9573.348151974242,True,4.3841945074985463e-10
12 h,12.0,0.4583333333333333,3.007055493774076,10.0,nonlinear,0.0,73,0.0,9.827739659733814,10.000000000001762,70861.50152582562,0.5781812451873672,935.0926921907944,0.000398161132906586,3959.718048262324,True,118.96485915463423
12 h,12.0,0.4583333333333333,3.007055493774076,10.0,linear,0.0,73,0.0,9.827739659733814,10.000000000001762,70861.50152582562,0.5781812451873672,957.4868219508637,0.0003980916652338203,9574.86804510667,True,3.6918235084354037e-10
12 h,12.0,0.5,3.280424175026265,10.0,nonlinear,0.0,73,0.0,9.825941523895441,10.0,70033.60645618502,0.58201764273911,913.6990976104336,0.0003985825331067901,2910.406464085349,True,120.61305917513397
12 h,12.0,0.5,3.280424175026265,10.0,linear,0.0,73,0.0,9.825941523895441,10.0,70033.60645618502,0.58201764273911,957.5298183337912,0.00039830783236687967,9575.297964752064,True,4.6137706050129533e-10
12 h,12.0,0.5416666666666666,-3.0070554937740765,10.0,nonlinear,0.0,73,0.0,9.821379871094713,9.999999999998447,68378.05651748566,0.6080777570093878,945.1974662337379,0.00039973556220503244,5034.343901658371,True,127.81970047190005
12 h,12.0,0.5416666666666666,-3.0070554937740765,10.0,linear,0.0,73,0.0,9.821379871094713,9.999999999998447,68378.05651748566,0.6080777570093878,957.4868219398702,0.000398527774846184,9574.868033651137,True,4.0641787925930877e-10
12 h,12.0,0.5833333333333334,-2.733686812521887,10.0,nonlinear,0.0,73,0.0,9.813426276020252,10.000000000004096,65984.2840418456,0.6623059661629492,935.293602969128,0.0004003691727742811,3985.8735655416504,True,149.63586930151646
12 h,12.0,0.5833333333333334,-2.733686812521887,10.0,linear,0.0,73,0.0,9.813426276020252,10.000000000004096,65984.2840418456,0.6623059661629492,957.3348358725916,0.0003987147224597255,9573.348161598047,True,4.3853058886469267e-10
12 h,12.0,0.625,-2.4603181312696987,10.0,nonlinear,0.0,73,0.0,9.80059580139167,10.000000000003494,62819.462910211354,0.7548482093615781,930.6731100482607,0.00040131853460012394,3686.832246476579,True,190.7505554488553
12 h,12.0,0.625,-2.4603181312696987,10.0,linear,0.0,73,0.0,9.80059580139167,10.000000000003494,62819.462910211354,0.7548482093615781,957.0008853092622,0.00039882103355951036,9570.008675928015,True,4.0172534573906035e-10
12 h,12.0,0.6666666666666666,-2.18694945001751,10.0,nonlinear,0.0,73,0.0,9.780181976115355,9.999999999995259,58834.02159805431,0.9077765865174078,922.0686496987663,0.0004024482552584353,3266.2898521140887,True,270.0798310530372
12 h,12.0,0.6666666666666666,-2.18694945001751,10.0,linear,0.0,73,0.0,9.780181976115355,9.999999999995259,58834.02159805431,0.9077765865174078,956.3445658159533,0.00039882178921990964,9563.445458056309,True,4.242815026393891e-10
12 h,12.0,0.7083333333333334,-1.913580768765321,10.0,nonlinear,0.0,73,0.0,9.747304820961896,9.999999999993166,53953.308229151145,1.1661567494048308,906.1672015105719,0.0004043364125261759,2746.4993095294385,True,434.4286556489084
12 h,12.0,0.7083333333333334,-1.913580768765321,10.0,linear,0.0,73,0.0,9.747304820961896,9.999999999993166,53953.308229151145,1.1661567494048308,955.1076602853732,0.0003986800476313982,9551.076417962644,True,4.2289692455147264e-10
12 h,12.0,0.75,-1.6402120875131325,10.0,nonlinear,0.0,73,0.0,9.69234239492216,10.000000000007228,48061.62300568686,1.632118416266733,868.5522212270507,0.0004089709258696566,2062.7277477012435,True,822.2058293137533
12 h,12.0,0.75,-1.6402120875131325,10.0,linear,0.0,73,0.0,9.69234239492216,10.000000000007228,48061.62300568686,1.632118416266733,952.7800422153729,0.0003983470944454001,9527.800232421116,True,4.19747053937731e-10
12 h,12.0,0.7916666666666666,-1.366843406260944,10.0,nonlinear,0.0,73,0.0,9.593284176293082,10.000000000005528,40968.49056126823,2.577584910592306,752.3424955329539,0.0004233644993505365,1225.6609340080017,True,1947.7487419092445
12 h,12.0,0.7916666666666666,-1.366843406260944,10.0,linear,0.0,73,0.0,9.593284176293082,10.000000000005528,40968.49056126823,2.577584910592306,948.228554538121,0.00039775536948322214,9482.285349830308,True,4.4081449588149233e-10
12 h,12.0,0.8333333333333334,-1.0934747250087549,10.0,nonlinear,0.0,73,0.0,9.387649321436701,9.999999999994573,32325.367080068692,4.933695370866805,436.9322579389713,0.00045047299060346313,493.0143283008649,True,6507.82270930323
12 h,12.0,0.8333333333333334,-1.0934747250087549,10.0,linear,0.0,73,0.0,9.387649321436701,9.999999999994573,32325.367080068692,4.933695370866805,938.5320330013611,0.0003965201570094183,9385.320195063354,True,3.2031539062042493e-10
12 h,12.0,0.875,-0.8201060437565663,10.0,nonlinear,0.0,73,0.0,8.820287067444923,10.000000000002634,21357.29632732418,13.874820385463238,106.75793221286867,0.00045299306184397656,107.48538690081865,False,41469.893725178656
12 h,12.0,0.875,-0.8201060437565663,10.0,linear,0.0,73,0.0,8.820287067444923,10.000000000002634,21357.29632732418,13.874820385463238,914.5425270082712,0.00039426170122379374,9145.425211922644,True,1.3198082618339596e-10
12 h,12.0,0.9166666666666666,-0.5467373625043778,10.0,nonlinear,0.0,73,0.0,6.375458298029225,9.999999999997476,5540.765067732931,89.39548067800149,8.58477989219089,0.00042647642488209935,8.585224263609577,False,1440437.4622004193
12 h,12.0,0.9166666666666666,-0.5467373625043778,10.0,linear,0.0,73,0.0,6.375458298029225,9.999999999997476,5540.765067732931,89.39548067800149,839.3770982559458,0.00040059012643748314,8393.770938198913,True,1.0826603613297314e-10
12 h,12.0,0.9583333333333334,-0.2733686812521885,10.0,nonlinear,0.0,73,0.0,6.933864315181138,30.113072061523148,3255.6325395509116,257.7887358969126,0.4926343688566107,0.0004072215441381623,0.4926345703582651,False,11407283.254511315
12 h,12.0,0.9583333333333334,-0.2733686812521885,10.0,linear,0.0,73,0.0,6.933864315181138,30.113072061523148,3255.6325395509116,257.7887358969126,543.8708283149946,0.00039131751923988445,5438.708277040387,True,2.268534137383504e-11
12 h,12.0,0.0,0.0,50.0,nonlinear,0.0,73,0.0,50.00000000000001,473.29219658159747,3245.236168691912,10413.80440224643,0.5382271622312708,0.003925734461684368,0.5384372863963717,False,1046644.1338129077
12 h,12.0,0.0,0.0,50.0,linear,0.0,73,0.0,50.00000000000001,473.29219658159747,3245.236168691912,10413.80440224643,18.98189384578719,0.0032059332750243212,189.81893638266175,True,4.632914116681708e-18
12 h,12.0,0.0,0.0,50.0,nonlinear,0.5,73,0.0,50.00000000000001,473.29219658159747,3245.236168691912,10413.80440224643,0.10402750073694624,0.003555093397968856,0.10402896277803114,False,1724884.1602962625
12 h,12.0,0.0,0.0,50.0,linear,0.5,73,0.0,50.00000000000001,473.29219658159747,3245.236168691912,10413.80440224643,0.11654244902915586,0.003460287645196325,0.1165445415398512,False,139911.11181271117
12 h,12.0,0.041666666666666664,0.2733686812521887,50.0,nonlinear,0.0,73,0.0,46.97786540341683,50.000000000000504,19126.440806165698,162.93239975817323,41.04599734263574,0.002592435043947822,41.16236360035186,False,187090.21235493815
12 h,12.0,0.041666666666666664,0.2733686812521887,50.0,linear,0.0,73,0.0,46.97786540341683,50.000000000000504,19126.440806165698,162.93239975817323,543.8708281069722,0.0019340599127072005,5438.708280578088,True,6.717159296234684e-14
12 h,12.0,0.041666666666666664,0.2733686812521887,50.0,nonlinear,0.5,73,0.0,46.97786540341683,50.000000000000504,19126.440806165698,162.93239975817323,0.07733046840488214,0.0019148657870342715,0.07733046917313012,False,4937431886.215709
12 h,12.0,0.041666666666666664,0.2733686812521887,50.0,linear,0.5,73,0.0,46.97786540341683,50.000000000000504,19126.440806165698,162.93239975817323,0.07732796752503449,0.0019151126770965221,0.07732796829222476,False,4899426437.631459
12 h,12.0,0.08333333333333333,0.5467373625043774,50.0,nonlinear,0.0,73,0.0,46.3823671889345,50.00000000000044,30648.521816989098,48.078185330327095,246.48108693859618,0.0024787958562038936,257.7290771437336,False,27735.871282907156
12 h,12.0,0.08333333333333333,0.5467373625043774,50.0,linear,0.0,73,0.0,46.3823671889345,50.00000000000044,30648.521816989098,48.078185330327095,839.3770982701952,0.0019642948763575153,8393.770982238371,True,3.8919264253356724e-13
12 h,12.0,0.08333333333333333,0.5467373625043774,50.0,nonlinear,0.5,73,0.0,46.3823671889345,50.00000000000044,30648.521816989098,48.078185330327095,0.07886090129423495,0.0018600289465595889,0.07886090200793787,False,16757604377.496344
12 h,12.0,0.08333333333333333,0.5467373625043774,50.0,linear,0.5,73,0.0,46.3823671889345,50.00000000000044,30648.521816989098,48.078185330327095,0.07887339077765047,0.0018599993051627364,0.0788733914919068,False,16724219394.64414
12 h,12.0,0.125,0.8201060437565663,50.0,nonlinear,0.0,73,0.0,47.609749574655474,50.000000000001435,39614.14589207334,20.41205625074577,607.500113627501,0.0022791259966153886,809.5350508262342,True,5688.036774756592
12 h,12.0,0.125,0.8201060437565663,50.0,linear,0.0,73,0.0,47.609749574655474,50.000000000001435,39614.14589207334,20.41205625074577,914.5425270666219,0.001979136242205616,9145.425270259302,True,5.577258929659937e-13
12 h,12.0,0.125,0.8201060437565663,50.0,nonlinear,0.5,73,0.0,47.609749574655474,50.000000000001435,39614.14589207334,20.41205625074577,0.08057928864461293,0.0018514336610806032,0.08057928957146906,False,20169174528.311573
12 h,12.0,0.125,0.8201060437565663,50.0,linear,0.5,73,0.0,47.609749574655474,50.000000000001435,39614.14589207334,20.41205625074577,0.08058716810558537,0.0018513983875891775,0.08058716903263423,False,20151586080.955948
12 h,12.0,0.16666666666666666,1.0934747250087549,50.0,nonlinear,0.0,73,0.0,48.26432220552039,49.9999999999955,46941.00160236527,11.380354616110115,836.3168573139478,0.002093303650539512,1808.326344060348,True,1825.6680140220333
12 h,12.0,0.16666666666666666,1.0934747250087549,50.0,linear,0.0,73,0.0,48.26432220552039,49.9999999999955,46941.00160236527,11.380354616110115,938.5320331419109,0.001985016129680514,9385.320331049063,True,6.314445017127385e-13
12 h,12.0,0.16666666666666666,1.0934747250087549,50.0,nonlinear,0.5,73,0.0,48.26432220552039,49.9999999999955,46941.00160236527,11.380354616110115,0.0809566653335245,0.0018519317363936186,0.08095666639215665,False,21237921910.011524
12 h,12.0,0.16666666666666666,1.0934747250087549,50.0,linear,0.5,73,0.0,48.26432220552039,49.9999999999955,46941.00160236527,11.380354616110115,0.0809617870700715,0.0018519054138871303,0.08096178812882532,False,21227465738.956688
12 h,12.0,0.20833333333333334,1.3668434062609438,50.0,nonlinear,0.0,73,0.0,48.630074552740155,49.999999999999794,53021.71908736682,7.4575187551062,913.3569040200471,0.002023356362773551,3199.905598471506,True,790.8592371001232
12 h,12.0,0.20833333333333334,1.3668434062609438,50.0,linear,0.0,73,0.0,48.630074552740155,49.999999999999794,53021.71908736682,7.4575187551062,948.2285547393337,0.001987467590665478,9482.285547018244,True,6.576768790397741e-13
12 h,12.0,0.20833333333333334,1.3668434062609438,50.0,nonlinear,0.5,73,0.0,48.630074552740155,49.999999999999794,53021.71908736682,7.4575187551062,0.08089163160350392,0.001854370213430849,0.08089163273857383,False,21700718624.751072
12 h,12.0,0.20833333333333334,1.3668434062609438,50.0,linear,0.5,73,0.0,48.630074552740155,49.999999999999794,53021.71908736682,7.4575187551062,0.08089524620341715,0.0018543507021737305,0.08089524733854062,False,21693690955.561882
12 h,12.0,0.25,1.6402120875131325,50.0,nonlinear,0.0,73,0.0,48.84810323109665,49.99999999999727,58065.5820052536,5.445495646225233,938.604108274843,0.002001863940361673,4738.4118333231445,True,422.59320192412366
12 h,12.0,0.25,1.6402120875131325,50.0,linear,0.0,73,0.0,48.84810323109665,49.99999999999727,58065.5820052536,5.445495646225233,952.7800424115795,0.0019883977052198567,9527.800423714993,True,7.405894670430258e-13
12 h,12.0,0.25,1.6402120875131325,50.0,nonlinear,0.5,73,0.0,48.84810323109665,49.99999999999727,58065.5820052536,5.445495646225233,0.08067700879081485,0.0018568522132884995,0.08067700997089794,False,21974917209.7545
12 h,12.0,0.25,1.6402120875131325,50.0,linear,0.5,73,0.0,48.84810323109665,49.99999999999727,58065.5820052536,5.445495646225233,0.08067975887295063,0.0018568370725061023,0.08067976005308178,False,21969721362.467667
12 h,12.0,0.2916666666666667,1.9135807687653215,50.0,nonlinear,0.0,73,0.0,48.98210894086948,49.99999999999542,62197.92212713029,4.306049437043782,948.6019684802083,0.0019943501972941678,6196.07334032214,True,264.2613461597436
12 h,12.0,0.2916666666666667,1.9135807687653215,50.0,linear,0.0,73,0.0,48.98210894086948,49.99999999999542,62197.92212713029,4.306049437043782,955.1076604768258,0.0019886866793247305,9551.076604443095,True,6.010462112427739e-13
12 h,12.0,0.2916666666666667,1.9135807687653215,50.0,nonlinear,0.5,73,0.0,48.98210894086948,49.99999999999542,62197.92212713029,4.306049437043782,0.08041437478993756,0.0018589252394481466,0.08041437599600916,False,22180996551.719013
12 h,12.0,0.2916666666666667,1.9135807687653215,50.0,linear,0.5,73,0.0,48.98210894086948,49.99999999999542,62197.92212713029,4.306049437043782,0.08041660536530447,0.0018589128761642734,0.08041660657164713,False,22176856460.426617
12 h,12.0,0.3333333333333333,2.1869494500175097,50.0,nonlinear,0.0,73,0.0,49.06381059716669,49.999999999997776,65498.96978500834,3.6260722715818976,953.3204826469433,0.0019913660186740125,7478.570911736337,True,187.22247479659248
12 h,12.0,0.3333333333333333,2.1869494500175097,50.0,linear,0.0,73,0.0,49.06381059716669,49.999999999997776,65498.96978500834,3.6260722715818976,956.3445660213583,0.0019888117069097565,9563.44565982867,True,7.305888490798094e-13
12 h,12.0,0.3333333333333333,2.1869494500175097,50.0,nonlinear,0.5,73,0.0,49.06381059716669,49.999999999997776,65498.96978500834,3.6260722715818976,0.08015010324037787,0.001860524887768624,0.080150104461753,False,22354121027.213852
12 h,12.0,0.3333333333333333,2.1869494500175097,50.0,linear,0.5,73,0.0,49.06381059716669,49.999999999997776,65498.96978500834,3.6260722715818976,0.08015201536104789,0.001860514303976294,0.08015201658242133,False,22350614639.31571
12 h,12.0,0.375,2.4603181312696987,50.0,nonlinear,0.0,73,0.0,49.11076082640179,50.000000000003894,68021.85026987971,3.21764370513753,955.5552615967105,0.0019904810472807888,8384.88396883185,True,147.13041767032615
12 h,12.0,0.375,2.4603181312696987,50.0,linear,0.0,73,0.0,49.11076082640179,50.000000000003894,68021.85026987971,3.21764370513753,957.0008854905534,0.0019890627088556176,9570.008854592243,True,5.942706068647547e-13
12 h,12.0,0.375,2.4603181312696987,50.0,nonlinear,0.5,73,0.0,49.11076082640179,50.000000000003894,68021.85026987971,3.21764370513753,0.07991579821142071,0.001861687742962975,0.079915799441044,False,22497753940.992146
12 h,12.0,0.375,2.4603181312696987,50.0,linear,0.5,73,0.0,49.11076082640179,50.000000000003894,68021.85026987971,3.21764370513753,0.07991751963862924,0.001861678289727653,0.0799175208683541,False,22494627578.44458
12 h,12.0,0.4166666666666667,2.7336868125218876,50.0,nonlinear,0.0,73,0.0,49.13355160135718,50.00000000000387,69801.85227248151,2.9880499351517247,956.0665594389186,0.0019910874988536254,8510.576311861785,True,126.42420994748583
12 h,12.0,0.4166666666666667,2.7336868125218876,50.0,linear,0.0,73,0.0,49.13355160135718,50.00000000000387,69801.85227248151,2.9880499351517247,957.3348360762317,0.0019896039936991654,9573.348360413309,True,6.671550845312977e-13
12 h,12.0,0.4166666666666667,2.7336868125218876,50.0,nonlinear,0.5,73,0.0,49.13355160135718,50.00000000000387,69801.85227248151,2.9880499351517247,0.07973861353701304,0.0018624709488856098,0.07973861477156932,False,22602261876.747356
12 h,12.0,0.4166666666666667,2.7336868125218876,50.0,linear,0.5,73,0.0,49.13355160135718,50.00000000000387,69801.85227248151,2.9880499351517247,0.07974023328297547,0.0018624621756580437,0.07974023451771216,False,22599347577.810207
12 h,12.0,0.4583333333333333,3.007055493774076,50.0,nonlinear,0.0,73,0.0,49.13872650157195,49.999999999999694,70861.50152582562,2.8910975822696807,955.1263341053509,0.0019928998719019545,7831.576900451239,True,117.68624167329622
12 h,12.0,0.4583333333333333,3.007055493774076,50.0,linear,0.0,73,0.0,49.13872650157195,49.999999999999694,70861.50152582562,2.8910975822696807,957.4868221307138,0.001990462359544519,9574.86822097279,True,6.458441279889041e-13
12 h,12.0,0.4583333333333333,3.007055493774076,50.0,nonlinear,0.5,73,0.0,49.13872650157195,49.999999999999694,70861.50152582562,2.8910975822696807,0.07963972913056269,0.001862926087304742,0.07963973036868023,False,22655867600.905983
12 h,12.0,0.4583333333333333,3.007055493774076,50.0,linear,0.5,73,0.0,49.13872650157195,49.999999999999694,70861.50152582562,2.8910975822696807,0.07964131607731029,0.0018629176516600319,0.07964131731552844,False,22653041520.318115
12 h,12.0,0.5,3.280424175026265,50.0,nonlinear,0.0,73,0.0,49.12972919352625,50.00000000000001,70033.60645618502,2.907824939983877,952.7688162698263,0.0019957614831067,6767.7966969244035,True,118.05460749636369
12 h,12.0,0.5,3.280424175026265,50.0,linear,0.0,73,0.0,49.12972919352625,50.00000000000001,70033.60645618502,2.907824939983877,957.5298185579047,0.001991538803763519,9575.29818522148,True,6.812349268060065e-13
12 h,12.0,0.5,3.280424175026265,50.0,nonlinear,0.5,73,0.0,49.12972919352625,50.00000000000001,70033.60645618502,2.907824939983877,0.07962861186028333,0.0018630854596770156,0.07962861310140897,False,22653235799.88947
12 h,12.0,0.5,3.280424175026265,50.0,linear,0.5,73,0.0,49.12972919352625,50.00000000000001,70033.60645618502,2.907824939983877,0.0796302266163624,0.0018630770678792915,0.07963022785758368,False,22650393395.839645
12 h,12.0,0.5416666666666666,-3.0070554937740765,50.0,nonlinear,0.0,73,0.0,49.106915183992825,49.99999999999786,68378.05651748566,3.0395788727305444,948.230563765958,0.001999665035512053,5563.690493479565,True,127.42026526853421
12 h,12.0,0.5416666666666666,-3.0070554937740765,50.0,linear,0.0,73,0.0,49.106915183992825,49.99999999999786,68378.05651748566,3.0395788727305444,957.4868221307463,0.001992641907186307,9574.868220937298,True,7.675170081217806e-13
12 h,12.0,0.5416666666666666,-3.0070554937740765,50.0,nonlinear,0.5,73,0.0,49.106915183992825,49.99999999999786,68378.05651748566,3.0395788727305444,0.07969891579370404,0.0018629529095430183,0.0796989170370224,False,22600042022.293777
12 h,12.0,0.5416666666666666,-3.0070554937740765,50.0,linear,0.5,73,0.0,49.106915183992825,49.99999999999786,68378.05651748566,3.0395788727305444,0.07970062111324944,0.0018629442702045175,0.0797006223566662,False,22597078962.727413
12 h,12.0,0.5833333333333334,-2.733686812521887,50.0,nonlinear,0.0,73,0.0,49.0671430563025,50.00000000000064,65984.2840418456,3.309933751550051,942.7430623544037,0.0020036719803965698,4716.799497384912,True,148.94878564627174
12 h,12.0,0.5833333333333334,-2.733686812521887,50.0,linear,0.0,73,0.0,49.0671430563025,50.00000000000064,65984.2840418456,3.309933751550051,957.3348360757319,0.001993554249578306,9573.348360392354,True,7.374920318231291e-13
12 h,12.0,0.5833333333333334,-2.733686812521887,50.0,nonlinear,0.5,73,0.0,49.0671430563025,50.00000000000064,65984.2840418456,3.309933751550051,0.07982937634802634,0.0018625015805920542,0.0798293775912714,False,22511727571.64509
12 h,12.0,0.5833333333333334,-2.733686812521887,50.0,linear,0.5,73,0.0,49.0671430563025,50.00000000000064,65984.2840418456,3.309933751550051,0.07983124603330738,0.0018624923602889205,0.07983124727664756,False,22508519963.04642
12 h,12.0,0.625,-2.4603181312696987,50.0,nonlinear,0.0,73,0.0,49.002988977892834,50.000000000005926,62819.462910211354,3.7729077187282476,935.5361065825226,0.002008074511878234,4029.2576117738427,True,190.23906969745337
12 h,12.0,0.625,-2.4603181312696987,50.0,linear,0.0,73,0.0,49.002988977892834,50.000000000005926,62819.462910211354,3.7729077187282476,957.0008854901198,0.00199408681873443,9570.008854525944,True,7.024152044972709e-13
12 h,12.0,0.625,-2.4603181312696987,50.0,nonlinear,0.5,73,0.0,49.002988977892834,50.000000000005926,62819.462910211354,3.7729077187282476,0.07998831987757489,0.0018616792039644655,0.07998832111617453,False,22408202573.547607
12 h,12.0,0.625,-2.4603181312696987,50.0,linear,0.5,73,0.0,49.002988977892834,50.000000000005926,62819.462910211354,3.7729077187282476,0.07999045464753247,0.0018616689725810725,0.0799904558863339,False,22404579639.507816
12 h,12.0,0.6666666666666666,-2.18694945001751,50.0,nonlinear,0.0,73,0.0,48.900921840239825,50.000000000005215,58834.02159805431,4.537650110553048,925.3976786575373,0.00201357601811332,3424.2580854671914,True,269.61810798624043
12 h,12.0,0.6666666666666666,-2.18694945001751,50.0,linear,0.0,73,0.0,48.900921840239825,50.000000000005215,58834.02159805431,4.537650110553048,956.344566021242,0.0019940924296813827,9563.445659853314,True,6.857791744028411e-13
12 h,12.0,0.6666666666666666,-2.18694945001751,50.0,nonlinear,0.5,73,0.0,48.900921840239825,50.000000000005215,58834.02159805431,4.537650110553048,0.0801367039479802,0.0018604160032981605,0.08013670517426241,False,22308671963.417236
12 h,12.0,0.6666666666666666,-2.18694945001751,50.0,linear,0.5,73,0.0,48.900921840239825,50.000000000005215,58834.02159805431,4.537650110553048,0.08013925712809213,0.00186040415214018,0.08013925835452786,False,22304369047.518856
12 h,12.0,0.7083333333333334,-1.913580768765321,50.0,nonlinear,0.0,73,0.0,48.7365439409905,49.999999999999496,53953.308229151145,5.82935803811388,908.2031463013973,0.0020229991073366814,2804.814334079063,True,433.8599550752779
12 h,12.0,0.7083333333333334,-1.913580768765321,50.0,linear,0.0,73,0.0,48.7365439409905,49.999999999999496,53953.308229151145,5.82935803811388,955.1076604767487,0.0019934066747429825,9551.076604421596,True,6.45966056912535e-13
12 h,12.0,0.7083333333333334,-1.913580768765321,50.0,nonlinear,0.5,73,0.0,48.7365439409905,49.999999999999496,53953.308229151145,5.82935803811388,0.08022336345782832,0.0018586295233857905,0.08022336465933427,False,22229789263.206768
12 h,12.0,0.7083333333333334,-1.913580768765321,50.0,linear,0.5,73,0.0,48.7365439409905,49.999999999999496,53953.308229151145,5.82935803811388,0.0802265899555621,0.001858615128020202,0.08022659115721967,False,22224351399.27672
12 h,12.0,0.75,-1.6402120875131325,50.0,nonlinear,0.0,73,0.0,48.461750292680975,49.999999999998444,48061.62300568686,8.159349201873358,869.5715240635682,0.0020464918096377888,2076.4952774524368,True,821.6371278853119
12 h,12.0,0.75,-1.6402120875131325,50.0,linear,0.0,73,0.0,48.461750292680975,49.999999999998444,48061.62300568686,8.159349201873358,952.7800424119638,0.0019918040358057965,9527.800423681467,True,8.232692569915326e-13
12 h,12.0,0.75,-1.6402120875131325,50.0,nonlinear,0.5,73,0.0,48.461750292680975,49.999999999998444,48061.62300568686,8.159349201873358,0.08016278537227255,0.0018562256927354397,0.08016278653011603,False,22188721816.98946
12 h,12.0,0.75,-1.6402120875131325,50.0,linear,0.5,73,0.0,48.461750292680975,49.999999999998444,48061.62300568686,8.159349201873358,0.08016714834488385,0.0018562072776370736,0.08016714950302252,False,22181273696.124672
12 h,12.0,0.7916666666666666,-1.366843406260944,50.0,nonlinear,0.0,73,0.0,47.966499648209954,50.000000000003475,40968.49056126823,12.886584711922316,753.2310594271487,0.002118203996485242,1229.5115222693664,True,1946.983033364695
12 h,12.0,0.7916666666666666,-1.366843406260944,50.0,linear,0.0,73,0.0,47.966499648209954,50.000000000003475,40968.49056126823,12.886584711922316,948.2285547410686,0.001988771715506405,9482.285546904717,True,9.504743789854208e-13
12 h,12.0,0.7916666666666666,-1.366843406260944,50.0,nonlinear,0.5,73,0.0,47.966499648209954,50.000000000003475,40968.49056126823,12.886584711922316,0.07976623333046962,0.0018530957484972398,0.07976623441275753,False,22216350614.897335
12 h,12.0,0.7916666666666666,-1.366843406260944,50.0,linear,0.5,73,0.0,47.966499648209954,50.000000000003475,40968.49056126823,12.886584711922316,0.07977265502869565,0.0018530709654147595,0.07977265611149814,False,22204944176.18068
12 h,12.0,0.8333333333333334,-1.0934747250087549,50.0,nonlinear,0.0,73,0.0,46.93841181423347,50.000000000004036,32325.367080068692,24.66730349669162,437.98566825442316,0.002252327504246794,494.5281196572537,True,6506.844392953472
12 h,12.0,0.8333333333333334,-1.0934747250087549,50.0,linear,0.0,73,0.0,46.93841181423347,50.000000000004036,32325.367080068692,24.66730349669162,938.5320331470623,0.0019830047774411536,9385.320331197801,True,4.1099483396380577e-13
12 h,12.0,0.8333333333333334,-1.0934747250087549,50.0,nonlinear,0.5,73,0.0,46.93841181423347,50.000000000004036,32325.367080068692,24.66730349669162,0.07850667332322583,0.001849027453562473,0.0785066742717,False,22418982500.51366
12 h,12.0,0.8333333333333334,-1.0934747250087549,50.0,linear,0.5,73,0.0,46.93841181423347,50.000000000004036,32325.367080068692,24.66730349669162,0.07851711210277515,0.0018489934668450485,0.0785171130517206,False,22398216920.06013
12 h,12.0,0.875,-0.8201060437565663,50.0,nonlinear,0.0,73,0.0,44.101547147848905,49.99999999999967,21357.29632732418,69.37896868845169,107.15886431307048,0.002264951081032316,107.89452662182738,False,41470.669572918894
12 h,12.0,0.875,-0.8201060437565663,50.0,linear,0.0,73,0.0,44.101547147848905,49.99999999999967,21357.29632732418,69.37896868845169,914.5425270819906,0.0019711436632486273,9145.425270564407,True,2.403485942738453e-13
12 h,12.0,0.875,-0.8201060437565663,50.0,nonlinear,0.5,73,0.0,44.101547147848905,49.99999999999967,21357.29632732418,69.37896868845169,0.07450759219962874,0.001842347161576481,0.07450759289981777,False,23490955733.15228
12 h,12.0,0.875,-0.8201060437565663,50.0,linear,0.5,73,0.0,44.101547147848905,49.99999999999967,21357.29632732418,69.37896868845169,0.07452486294178041,0.0018423130738802929,0.07452486364185369,False,23438047642.04941
12 h,12.0,0.9166666666666666,-0.5467373625043778,50.0,nonlinear,0.0,73,0.0,31.819782634479335,50.00000000000116,5540.765067732931,448.85035330339934,8.615282644224473,0.0021317266992109773,8.615731190112623,False,1451803.1976663445
12 h,12.0,0.9166666666666666,-0.5467373625043778,50.0,linear,0.0,73,0.0,31.819782634479335,50.00000000000116,5540.765067732931,448.85035330339934,839.377098342337,0.002003086271721195,8393.770982934544,True,1.5557048131415117e-13
12 h,12.0,0.9166666666666666,-0.5467373625043778,50.0,nonlinear,0.5,73,0.0,31.819782634479335,50.00000000000116,5540.765067732931,448.85035330339934,0.06752209529372616,0.0018063959225460362,0.0675220957077308,False,54427708075.221535
12 h,12.0,0.9166666666666666,-0.5467373625043778,50.0,linear,0.5,73,0.0,31.819782634479335,50.00000000000116,5540.765067732931,448.85035330339934,0.06757744792873922,0.001807126683345945,0.06757744834314362,False,53623202872.182106
12 h,12.0,0.9583333333333334,-0.2733686812521885,50.0,nonlinear,0.0,73,0.0,34.602045500492274,150.22344201955167,3255.6325395509116,1290.4994965146002,0.47897368114039873,0.002036864564306296,0.4789738723975279,False,11443373.12477809
12 h,12.0,0.9583333333333334,-0.2733686812521885,50.0,linear,0.0,73,0.0,34.602045500492274,150.22344201955167,3255.6325395509116,1290.4994965146002,543.8708283368483,0.001956646014884276,5438.708283193597,True,4.252622926951487e-14
12 h,12.0,0.9583333333333334,-0.2733686812521885,50.0,nonlinear,0.5,73,0.0,34.602045500492274,150.22344201955167,3255.6325395509116,1290.4994965146002,0.05996122053332544,0.002036494915577638,0.05996122102408553,False,298754672.39275557
12 h,12.0,0.9583333333333334,-0.2733686812521885,50.0,linear,0.5,73,0.0,34.602045500492274,150.22344201955167,3255.6325395509116,1290.4994965146002,0.060071518933123846,0.0020057687235605862,0.06007151938212261,False,211040536.56529468
12 h,12.0,0.0,0.0,200.0,nonlinear,0.0,73,0.0,200.00000000000003,2264.8201695095936,3245.236168691912,32545.745868918002,0.7384633808355783,0.015848180824279072,0.7389865599023365,False,505119.1623686211
12 h,12.0,0.0,0.0,200.0,linear,0.0,73,0.0,200.00000000000003,2264.8201695095936,3245.236168691912,32545.745868918002,18.981896990044717,0.012823732617832184,189.81893669708762,True,8.714059198235174e-20
12 h,12.0,0.041666666666666664,0.2733686812521887,200.0,nonlinear,0.0,73,0.0,188.1188486213933,200.00000000000023,19126.440806165698,646.2536506681032,40.965689151774626,0.010372064452643345,41.08182154912077,False,184465.7254012768
12 h,12.0,0.041666666666666664,0.2733686812521887,200.0,linear,0.0,73,0.0,188.1188486213933,200.00000000000023,19126.440806165698,646.2536506681032,543.870828827639,0.007736250300817657,5438.708280665497,True,3.201885817394667e-16
12 h,12.0,0.08333333333333333,0.5467373625043774,200.0,nonlinear,0.0,73,0.0,185.56328952829534,199.99999999999923,30648.521816989098,192.04182148709356,245.8030928877306,0.009916158415833312,256.96032951693314,False,27668.4505123297
12 h,12.0,0.08333333333333333,0.5467373625043774,200.0,linear,0.0,73,0.0,185.56328952829534,199.99999999999923,30648.521816989098,192.04182148709356,839.3770987269331,0.007857169228201231,8393.770982447184,True,1.6312130438751104e-15
12 h,12.0,0.125,0.8201060437565663,200.0,nonlinear,0.0,73,0.0,190.44731739488776,199.9999999999953,39614.14589207334,81.60105587318135,606.3166382076859,0.009119481394464703,806.7782510251648,True,5682.240323371573
12 h,12.0,0.125,0.8201060437565663,200.0,linear,0.0,73,0.0,190.44731739488776,199.9999999999953,39614.14589207334,81.60105587318135,914.5425273041213,0.007916567485360463,9145.425270534597,True,2.564913117628667e-15
12 h,12.0,0.16666666666666666,1.0934747250087549,200.0,nonlinear,0.0,73,0.0,193.06072899518477,199.99999999999406,46941.00160236527,45.506498316227244,835.629857077524,0.008375102142858755,1801.5622519889423,True,1824.537683009059
12 h,12.0,0.16666666666666666,1.0934747250087549,200.0,linear,0.0,73,0.0,193.06072899518477,199.99999999999406,46941.00160236527,45.506498316227244,938.5320332880306,0.007940127545683993,9385.320331342034,True,2.8329295847280514e-15
12 h,12.0,0.20833333333333334,1.3668434062609438,200.0,nonlinear,0.0,73,0.0,194.52223233572073,200.0000000000049,53021.71908736682,29.823496996045964,913.0941774023225,0.008093759836289717,3189.086441943432,True,790.4955280174698
12 h,12.0,0.20833333333333334,1.3668434062609438,200.0,linear,0.0,73,0.0,194.52223233572073,200.0000000000049,53021.71908736682,29.823496996045964,948.2285548436067,0.0079498924771005,9482.285547336965,True,2.882979795624276e-15
12 h,12.0,0.25,1.6402120875131325,200.0,nonlinear,0.0,73,0.0,195.39372891881956,200.00000000000264,58065.5820052536,21.77841681176349,938.482340112257,0.008007215797575754,4723.704004528137,True,422.42913383081066
12 h,12.0,0.25,1.6402120875131325,200.0,linear,0.0,73,0.0,195.39372891881956,200.00000000000264,58065.5820052536,21.77841681176349,952.7800424947422,0.007953620770630504,9527.80042407111,True,2.6157780174373795e-15
12 h,12.0,0.2916666666666667,1.9135807687653215,200.0,nonlinear,0.0,73,0.0,195.9294384712028,199.99999999999835,62197.92212713029,17.221923632150197,948.5467812447484,0.007976914192418534,6182.250025331174,True,264.17158925663387
12 h,12.0,0.2916666666666667,1.9135807687653215,200.0,linear,0.0,73,0.0,195.9294384712028,199.99999999999835,62197.92212713029,17.221923632150197,955.1076605482045,0.007954778133104653,9551.076604728554,True,2.7045601236162598e-15
12 h,12.0,0.3333333333333333,2.1869494500175097,200.0,nonlinear,0.0,73,0.0,196.25605356769054,200.0000000000027,65498.96978500834,14.50268837455221,953.2928260150164,0.007964880503658827,7467.51586003244,True,187.16513659830372
12 h,12.0,0.3333333333333333,2.1869494500175097,200.0,linear,0.0,73,0.0,196.25605356769054,200.0000000000027,65498.96978500834,14.50268837455221,956.3445660860515,0.00795527442616425,9563.445660179348,True,2.5776407629651282e-15
12 h,12.0,0.375,2.4603181312696987,200.0,nonlinear,0.0,73,0.0,196.44371463484396,200.0000000000012,68021.85026987971,12.869356523539714,955.5424648324407,0.007961294886159664,8379.247309365479,True,147.08938010774838
12 h,12.0,0.375,2.4603181312696987,200.0,linear,0.0,73,0.0,196.44371463484396,200.0000000000012,68021.85026987971,12.869356523539714,957.0008855507194,0.00795627807877184,9570.00885487122,True,2.4739954798815766e-15
12 h,12.0,0.4166666666666667,2.7336868125218876,200.0,nonlinear,0.0,73,0.0,196.53475958110255,199.9999999999986,69801.85227248151,11.951213191696468,956.056578406657,0.00796371895385141,8506.680806859751,True,126.38919672823522
12 h,12.0,0.4166666666666667,2.7336868125218876,200.0,linear,0.0,73,0.0,196.53475958110255,199.9999999999986,69801.85227248151,11.951213191696468,957.3348361337349,0.007958431764357253,9573.34836074071,True,2.6958688504730814e-15
12 h,12.0,0.4583333333333333,3.007055493774076,200.0,nonlinear,0.0,73,0.0,196.55535093763405,199.99999999999844,70861.50152582562,11.56349735972775,954.9845084417686,0.007971333573513532,7757.00816263486,True,117.6203750386394
12 h,12.0,0.4583333333333333,3.007055493774076,200.0,linear,0.0,73,0.0,196.55535093763405,199.99999999999844,70861.50152582562,11.56349735972775,957.486822186181,0.007961853681063065,9574.868221277487,True,3.0064174563431616e-15
12 h,12.0,0.5,3.280424175026265,200.0,nonlinear,0.0,73,0.0,196.51926224413177,200.00000000000003,70033.60645618502,11.63009850443459,952.3611815345329,0.007983174954168393,6627.828062318087,True,117.94841929512343
12 h,12.0,0.5,3.280424175026265,200.0,linear,0.0,73,0.0,196.51926224413177,200.00000000000003,70033.60645618502,11.63009850443459,957.5298186118749,0.007966147473972156,9575.298185550426,True,2.152491323738899e-15
12 h,12.0,0.5416666666666666,-3.0070554937740765,200.0,nonlinear,0.0,73,0.0,196.42792139924444,200.0000000000012,68378.05651748566,12.157359216868374,948.2301173723476,0.007997855904725836,5564.654962949743,True,127.39644647743387
12 h,12.0,0.5416666666666666,-3.0070554937740765,200.0,linear,0.0,73,0.0,196.42792139924444,200.0000000000012,68378.05651748566,12.157359216868374,957.4868221837129,0.007970549407448544,9574.868221277638,True,2.5880451755494594e-15
12 h,12.0,0.5833333333333334,-2.733686812521887,200.0,nonlinear,0.0,73,0.0,196.26877313851085,199.99999999999997,65984.2840418456,13.238604753972062,942.7558881234659,0.008013877561318312,4719.108834435201,True,148.9163153538392
12 h,12.0,0.5833333333333334,-2.733686812521887,200.0,linear,0.0,73,0.0,196.26877313851085,199.99999999999997,65984.2840418456,13.238604753972062,957.3348361292088,0.00797419266527799,9573.348360731976,True,2.9990635242516905e-15
12 h,12.0,0.625,-2.4603181312696987,200.0,nonlinear,0.0,73,0.0,196.01213594729853,200.00000000000048,62819.462910211354,15.090390919556512,935.6249347971816,0.008031243911489926,4036.858073049454,True,190.212275274797
12 h,12.0,0.625,-2.4603181312696987,200.0,linear,0.0,73,0.0,196.01213594729853,200.00000000000048,62819.462910211354,15.090390919556512,957.0008855446778,0.007976323516300256,9570.008854870686,True,2.6998249408305097e-15
12 h,12.0,0.6666666666666666,-2.18694945001751,200.0,nonlinear,0.0,73,0.0,195.60390528755718,200.00000000000347,58834.02159805431,18.14906527259108,925.5689010562439,0.008052903486669613,3433.301565790181,True,269.58643481449855
12 h,12.0,0.6666666666666666,-2.18694945001751,200.0,linear,0.0,73,0.0,195.60390528755718,200.00000000000347,58834.02159805431,18.14906527259108,956.3445660793356,0.00797633718105669,9563.445660205307,True,2.392021728625632e-15
12 h,12.0,0.7083333333333334,-1.913580768765321,200.0,nonlinear,0.0,73,0.0,194.94652615433992,199.9999999999954,53953.308229151145,23.315260182513736,908.5368105336303,0.00808994877297696,2814.905091373868,True,433.8023136300401
12 h,12.0,0.7083333333333334,-1.913580768765321,200.0,linear,0.0,73,0.0,194.94652615433992,199.9999999999954,53953.308229151145,23.315260182513736,955.107660541637,0.007973620463648252,9551.076604733447,True,2.583645552375633e-15
12 h,12.0,0.75,-1.6402120875131325,200.0,nonlinear,0.0,73,0.0,193.84765674159266,199.9999999999963,48061.62300568686,32.63404067683837,870.3914975465372,0.00818236411028086,2087.840840296203,True,821.5101131108646
12 h,12.0,0.75,-1.6402120875131325,200.0,linear,0.0,73,0.0,193.84765674159266,199.9999999999963,48061.62300568686,32.63404067683837,952.7800424891844,0.00796720639077421,9527.80042408012,True,2.988032435144963e-15
12 h,12.0,0.7916666666666666,-1.366843406260944,200.0,nonlinear,0.0,73,0.0,191.86732343720712,200.00000000000432,40968.49056126823,51.54046066490419,755.4957864645628,0.008465878265762984,1239.462028977754,True,1946.5939159033267
12 h,12.0,0.7916666666666666,-1.366843406260944,200.0,linear,0.0,73,0.0,191.86732343720712,200.00000000000432,40968.49056126823,51.54046066490419,948.2285548404295,0.007955047167317512,9482.285547357873,True,3.196264202972351e-15
12 h,12.0,0.8333333333333334,-1.0934747250087549,200.0,nonlinear,0.0,73,0.0,187.75644815291608,200.00000000000517,32325.367080068692,98.65966183814558,441.6379867220247,0.0090035176036428,499.80500066010524,True,6505.3341559087
12 h,12.0,0.8333333333333334,-1.0934747250087549,200.0,linear,0.0,73,0.0,187.75644815291608,200.00000000000517,32325.367080068692,98.65966183814558,938.5320332893664,0.007931973844545009,9385.320331390416,True,2.082835174010892e-15
12 h,12.0,0.875,-0.8201060437565663,200.0,nonlinear,0.0,73,0.0,176.4090347895033,200.00000000000193,21357.29632732418,277.5854573918391,108.6770031278902,0.009058651177595835,109.44452853687687,False,41474.46079966042
12 h,12.0,0.875,-0.8201060437565663,200.0,linear,0.0,73,0.0,176.4090347895033,200.00000000000193,21357.29632732418,277.5854573918391,914.5425273174925,0.00788455362055357,9145.425270686834,True,1.158427554039877e-15
12 h,12.0,0.9166666666666666,-0.5467373625043778,200.0,nonlinear,0.0,73,0.0,126.4178738762207,199.9999999999991,5540.765067732931,1825.544795127616,8.727617188210663,0.008517196319337748,8.728082789550712,False,1495219.1415928893
12 h,12.0,0.9166666666666666,-0.5467373625043778,200.0,linear,0.0,73,0.0,126.4178738762207,199.9999999999991,5540.765067732931,1825.544795127616,839.3770989854283,0.00801232510101875,8393.770983051258,True,6.809541715809732e-16
12 h,12.0,0.9583333333333334,-0.2733686812521885,200.0,nonlinear,0.0,73,0.0,137.40705110148525,595.7071709802918,3255.6325395509116,5182.467169098079,0.4275501640705344,0.00815978210848715,0.4275503264161265,False,11580203.663376896
12 h,12.0,0.9583333333333334,-0.2733686812521885,200.0,linear,0.0,73,0.0,137.40705110148525,595.7071709802918,3255.6325395509116,5182.467169098079,543.8708285849133,0.007826561759748095,5438.7082832291535,True,1.630569239919566e-16
1 lap,157.46036040126071,0.0,0.0,10.0,nonlinear,0.0,945,0.0,10.0,1329.3806018627463,3245.236168691912,25582.333843300654,0.005365458445381301,0.00041364945296595244,0.005365458649580682,False,2768764546.228987
1 lap,157.46036040126071,0.0,0.0,10.0,linear,0.0,945,0.0,10.0,1329.3806018627463,3245.236168691912,25582.333843300654,18.981893641134796,0.00041105999553047904,189.81893636212885,True,1.0813308607950076e-14
1 lap,157.46036040126071,0.041666666666666664,0.2733686812521887,10.0,nonlinear,0.0,945,0.0,9.392815842578237,1150.6986858878151,3257.52891146462,18873.95059178366,0.003762362454463681,0.00019210436745486514,0.00376236245455259,False,20919299802.91923
1 lap,157.46036040126071,0.041666666666666664,0.2733686812521887,10.0,linear,0.0,945,0.0,9.392815842578237,1150.6986858878151,3257.52891146462,18873.95059178366,543.8708280010774,0.00019212083290687473,5438.708222922154,True,2.1470976808652229e-10
1 lap,157.46036040126071,0.08333333333333333,0.5467373625043774,10.0,nonlinear,0.0,783,0.17142857142857137,8.376328458420009,323.85445513923685,3245.3161223856455,5314.342356606428,0.013360563089160438,0.00014638004052059008,0.013360563090836039,False,3951147423.256525
1 lap,157.46036040126071,0.08333333333333333,0.5467373625043774,10.0,linear,0.0,783,0.17142857142857137,8.376328458420009,323.85445513923685,3245.3161223856455,5314.342356606428,839.3770975013953,0.00014646084251174418,8393.770244336485,True,1.776698497468961e-09
1 lap,157.46036040126071,0.125,0.8201060437565663,10.0,nonlinear,0.0,830,0.12169312169312174,7.561599789984421,161.25379926556212,3253.8940005575973,2647.618936634663,0.026816798407616062,0.00012496162451208743,0.02681679841903044,False,1171053471.3610644
1 lap,157.46036040126071,0.125,0.8201060437565663,10.0,linear,0.0,830,0.12169312169312174,7.561599789984421,161.25379926556212,3253.8940005575973,2647.618936634663,914.5425257752341,0.0001247942971145574,9145.423994711531,True,2.7938441953231676e-09
1 lap,157.46036040126071,0.16666666666666666,1.0934747250087549,10.0,nonlinear,0.0,890,0.05820105820105825,7.05419523823529,101.41133807048907,3252.345425859039,1651.3707821543262,0.04233839323865607,0.00011161110896874693,0.04233839328130797,False,505567911.4429465
1 lap,157.46036040126071,0.16666666666666666,1.0934747250087549,10.0,linear,0.0,890,0.05820105820105825,7.05419523823529,101.41133807048907,3252.345425859039,1651.3707821543262,938.5320315116148,0.00011154140458969333,9385.318710293795,True,3.4859141597457656e-09
1 lap,157.46036040126071,0.20833333333333334,1.3668434062609438,10.0,nonlinear,0.0,945,0.0,6.762434730638072,71.85268208873357,3245.5492386359224,1181.6268366369773,0.059310448742529914,0.00010277242248182199,0.05931044885739647,False,275131943.5208858
1 lap,157.46036040126071,0.20833333333333334,1.3668434062609438,10.0,linear,0.0,945,0.0,6.762434730638072,71.85268208873357,3245.5492386359224,1181.6268366369773,948.2285529046233,0.00010255661580992839,9482.283719334027,True,3.85927897733399e-09
1 lap,157.46036040126071,0.25,1.6402120875131325,10.0,nonlinear,0.0,945,0.0,6.545283037028662,53.92492247222614,3259.5376817823676,887.5170995009821,0.0783444656232728,9.700284159878578e-05,0.07834446588548956,False,170566799.9596045
1 lap,157.46036040126071,0.25,1.6402120875131325,10.0,linear,0.0,945,0.0,6.545283037028662,53.92492247222614,3259.5376817823676,887.5170995009821,952.780040585635,9.661318859434324e-05,9527.798603379362,True,3.8354929400390796e-09
1 lap,157.46036040126071,0.2916666666666667,1.9135807687653215,10.0,nonlinear,0.0,945,0.0,6.293455821926795,41.22327063748229,3248.568102893967,675.10409052523,0.10103396535323834,9.269098784577439e-05,0.10103396591288655,False,113398959.89655888
1 lap,157.46036040126071,0.2916666666666667,1.9135807687653215,10.0,linear,0.0,945,0.0,6.293455821926795,41.22327063748229,3248.568102893967,675.10409052523,955.1076585511322,9.169437940736087e-05,9551.074683614488,True,4.042539190844469e-09
1 lap,157.46036040126071,0.3333333333333333,2.1869494500175097,10.0,nonlinear,0.0,945,0.0,5.937430412373026,31.301119510981763,3247.2005484053957,519.4245155873474,0.13027919383979294,8.927730333804642e-05,0.13027919503656718,False,78351767.50980464
1 lap,157.46036040126071,0.3333333333333333,2.1869494500175097,10.0,linear,0.0,945,0.0,5.937430412373026,31.301119510981763,3247.2005484053957,519.4245155873474,956.3445639777556,8.797748707979959e-05,9563.443620582802,True,4.272076821727865e-09
1 lap,157.46036040126071,0.375,2.4603181312696987,10.0,nonlinear,0.0,945,0.0,5.439901856806916,23.204400550529133,3262.9078073061796,388.85345974362133,0.1713059941255203,8.606121211920953e-05,0.1713059968426342,False,56046753.274217814
1 lap,157.46036040126071,0.375,2.4603181312696987,10.0,linear,0.0,945,0.0,5.439901856806916,23.204400550529133,3262.9078073061796,388.85345974362133,957.0008832506173,8.41627961912533e-05,9570.006618839541,True,4.71083263277074e-09
1 lap,157.46036040126071,0.4166666666666667,2.7336868125218876,10.0,nonlinear,0.0,945,0.0,4.788257928199077,16.22934618143719,3246.2036152637543,275.6749625349116,0.23354030781673876,8.19165485957279e-05,0.23354031469647524,False,42859433.58589215
1 lap,157.46036040126071,0.4166666666666667,2.7336868125218876,10.0,linear,0.0,945,0.0,4.788257928199077,16.22934618143719,3246.2036152637543,275.6749625349116,957.3348338075494,7.950244156652664e-05,9573.346095596851,True,4.7472409056483765e-09
1 lap,157.46036040126071,0.4583333333333333,3.007055493774076,10.0,nonlinear,0.0,945,0.0,3.968842942829806,10.177772639758144,3250.2671179771132,182.10708132125708,0.3291937493228229,7.504586972937058e-05,0.3291937685848507,False,38418804.29684328
1 lap,157.46036040126071,0.4583333333333333,3.007055493774076,10.0,linear,0.0,945,0.0,3.968842942829806,10.177772639758144,3250.2671179771132,182.10708132125708,957.4868195386476,7.292791544789723e-05,9574.865632626645,True,5.408619545083121e-09
1 lap,157.46036040126071,0.5,3.280424175026265,10.0,nonlinear,0.0,928,0.017989417989418,2.8852108717175513,10.0,3256.5610187460734,109.69184477936467,0.4525726597202656,6.430685984093819e-05,0.45257270976664066,False,49692463.99847619
1 lap,157.46036040126071,0.5,3.280424175026265,10.0,linear,0.0,928,0.017989417989418,2.8852108717175513,10.0,3256.5610187460734,109.69184477936467,957.5298153594102,6.377325341709855e-05,9575.294990386075,True,6.706110328031554e-09
1 lap,157.46036040126071,0.5416666666666666,-3.0070554937740765,10.0,nonlinear,0.0,945,0.0,0.664993378870021,9.999999999998447,3245.2561577721835,1082.3175341900323,0.6091290889540052,5.106379571267356e-05,0.6091292109859816,False,610463865.7273021
1 lap,157.46036040126071,0.5416666666666666,-3.0070554937740765,10.0,linear,0.0,945,0.0,0.664993378870021,9.999999999998447,3245.2561577721835,1082.3175341900323,957.4868161088325,5.044740095326951e-05,9574.862202774142,True,1.2603472420737137e-08
1 lap,157.46036040126071,0.5833333333333334,-2.733686812521887,10.0,nonlinear,0.0,945,0.0,1.573825325107511,10.000000000004096,3254.7435171678417,381.1802268026085,0.7264142475584677,4.943717983759067e-05,0.7264144545889294,False,262169856.5104062
1 lap,157.46036040126071,0.5833333333333334,-2.733686812521887,10.0,linear,0.0,945,0.0,1.573825325107511,10.000000000004096,3254.7435171678417,381.1802268026085,957.3348279714805,4.294470559569744e-05,9573.340259462851,True,1.6935385306849593e-08
1 lap,157.46036040126071,0.625,-2.4603181312696987,10.0,nonlinear,0.0,945,0.0,2.010521732187354,10.000000000003494,3251.6129870900263,208.61533398795498,0.544462756110602,3.8527692176092205e-05,0.5444628433445589,False,53861860802.10528
1 lap,157.46036040126071,0.625,-2.4603181312696987,10.0,linear,0.0,945,0.0,2.010521732187354,10.000000000003494,3251.6129870900263,208.61533398795498,957.0008167053386,2.7228124141638427e-05,9569.940074125552,True,1.9305861855967869e-07
1 lap,157.46036040126071,0.6666666666666666,-2.18694945001751,10.0,nonlinear,0.0,927,0.01904761904761909,1.9195781969981878,9.999999999995259,3245.727415170722,224.69711064754011,0.41477823915277856,4.149946615884248e-05,0.4147782777740594,False,387695882.363437
1 lap,157.46036040126071,0.6666666666666666,-2.18694945001751,10.0,linear,0.0,927,0.01904761904761909,1.9195781969981878,9.999999999995259,3245.727415170722,224.69711064754011,956.3445521352214,3.330060025338252e-05,9563.431777763732,True,2.9063109361028304e-08
1 lap,157.46036040126071,0.7083333333333334,-1.913580768765321,10.0,nonlinear,0.0,945,0.0,1.1220899346488367,10.234212220180071,3260.6218607929077,432.684723365969,0.30348242016871935,4.6465706545525025e-05,0.3034824353359004,False,852043616.4175858
1 lap,157.46036040126071,0.7083333333333334,-1.913580768765321,10.0,linear,0.0,945,0.0,1.1220899346488367,10.234212220180071,3260.6218607929077,432.684723365969,955.1076412659983,4.0756005065689913e-05,9551.057398018273,True,4.033810073303139e-08
1 lap,157.46036040126071,0.75,-1.6402120875131325,10.0,nonlinear,0.0,927,0.01904761904761909,1.0643202108765195,11.801456143058168,3248.0724091406564,507.5756004197503,0.2432041054286241,5.69826451547781e-05,0.24320411327263636,False,681366518.7577703
1 lap,157.46036040126071,0.75,-1.6402120875131325,10.0,linear,0.0,927,0.01904761904761909,1.0643202108765195,11.801456143058168,3248.0724091406564,507.5756004197503,952.7800117776773,5.345980376495174e-05,9527.769794514468,True,6.459544835922585e-08
1 lap,157.46036040126071,0.7916666666666666,-1.366843406260944,10.0,nonlinear,0.0,945,0.0,4.359805061218842,13.155562997730442,3247.61654919358,204.59845887019918,0.21147777977503346,7.128032800819608e-05,0.2114777849819917,False,121554804.42025672
1 lap,157.46036040126071,0.7916666666666666,-1.366843406260944,10.0,linear,0.0,945,0.0,4.359805061218842,13.155562997730442,3247.61654919358,204.59845887019918,948.2285507887378,6.964737539571037e-05,9482.2816011899,True,8.343132600246758e-09
1 lap,157.46036040126071,0.8333333333333334,-1.0934747250087549,10.0,nonlinear,0.0,945,0.0,5.526078511917624,22.222057395195158,3261.7452564462674,219.6666356959686,0.1827569017141301,8.688393757772505e-05,0.18275690514459814,False,82621924.06599428
1 lap,157.46036040126071,0.8333333333333334,-1.0934747250087549,10.0,linear,0.0,945,0.0,5.526078511917624,22.222057395195158,3261.7452564462674,219.6666356959686,938.5320319326759,8.581509639591419e-05,9385.319126248341,True,2.5770655122801276e-09
1 lap,157.46036040126071,0.875,-0.8201060437565663,10.0,nonlinear,0.0,945,0.0,5.938007840383564,46.44854965090544,3245.94554476521,233.43546160436225,0.15173151613682379,0.00010739461582829984,0.15173151820454658,False,106519889.8240601
1 lap,157.46036040126071,0.875,-0.8201060437565663,10.0,linear,0.0,945,0.0,5.938007840383564,46.44854965090544,3245.94554476521,233.43546160436225,914.5425266238445,0.00010694620989995742,9145.424828088522,True,9.695821288028685e-10
1 lap,157.46036040126071,0.9166666666666666,-0.5467373625043778,10.0,nonlinear,0.0,945,0.0,6.375458298029225,116.7280162598206,3250.9202050119175,246.31613269115147,0.10847730188983912,0.00014008861776066586,0.10847730278711262,False,194265243.10789493
1 lap,157.46036040126071,0.9166666666666666,-0.5467373625043778,10.0,linear,0.0,945,0.0,6.375458298029225,116.7280162598206,3250.9202050119175,246.31613269115147,839.3770981667368,0.0001398244895779812,8393.770850473311,True,3.161095142332674e-10
1 lap,157.46036040126071,0.9583333333333334,-0.2733686812521885,10.0,nonlinear,0.0,945,0.0,6.933864315181138,520.8174379002044,3255.6325395509116,721.9858533897705,0.04001485798219895,0.0002122650446244958,0.04001485808949555,False,468242880.41902816
1 lap,157.46036040126071,0.9583333333333334,-0.2733686812521885,10.0,linear,0.0,945,0.0,6.933864315181138,520.8174379002044,3255.6325395509116,721.9858533897705,543.8708283099785,0.00021214821830845587,5438.708272705728,True,3.86899070175427e-11
1 lap,157.46036040126071,0.0,0.0,50.0,nonlinear,0.0,945,0.0,50.00000000000001,9656.854731771198,3245.236168691912,108040.42982689055,0.006173666239442019,0.0021020407813635428,0.006173666412498782,False,545803350.7069656
1 lap,157.46036040126071,0.0,0.0,50.0,linear,0.0,945,0.0,50.00000000000001,9656.854731771198,3245.236168691912,108040.42982689055,18.981893760208035,0.002054089175366916,189.81893637411756,True,1.724900316359727e-16
1 lap,157.46036040126071,0.041666666666666664,0.2733686812521887,50.0,nonlinear,0.0,945,0.0,46.97786540341683,5440.875136471761,3257.52891146462,85903.67184527776,0.0039026144289135674,0.0009607531220010425,0.0039026144290059753,False,20153697748.209633
1 lap,157.46036040126071,0.041666666666666664,0.2733686812521887,50.0,linear,0.0,945,0.0,46.97786540341683,5440.875136471761,3257.52891146462,85903.67184527776,543.8708280598482,0.0009604301514371681,5438.708280488717,True,3.839986944141475e-13
1 lap,157.46036040126071,0.08333333333333333,0.5467373625043774,50.0,nonlinear,0.0,783,0.17142857142857137,41.90334531739269,1615.3329950137304,3245.3161223856455,26341.83569553798,0.013395615749845623,0.0007321110304852772,0.013395615751530959,False,3935502736.3585463
1 lap,157.46036040126071,0.08333333333333333,0.5467373625043774,50.0,linear,0.0,783,0.17142857142857137,41.90334531739269,1615.3329950137304,3245.3161223856455,26341.83569553798,839.3770982386822,0.000731780526010831,8393.77098134517,True,2.52170945964819e-12
1 lap,157.46036040126071,0.125,0.8201060437565663,50.0,nonlinear,0.0,830,0.12169312169312174,37.83103431932337,805.3647102796571,3253.8940005575973,13217.652275652506,0.026810094795510848,0.000625040767245239,0.02681009480691788,False,1169440590.1404748
1 lap,157.46036040126071,0.125,0.8201060437565663,50.0,linear,0.0,830,0.12169312169312174,37.83103431932337,805.3647102796571,3253.8940005575973,13217.652275652506,914.5425270491406,0.000624520303076041,9145.42526855942,True,4.277912563313736e-12
1 lap,157.46036040126071,0.16666666666666666,1.0934747250087549,50.0,nonlinear,0.0,890,0.05820105820105825,35.29271786647822,507.9416444480748,3252.345425859039,8297.45982312001,0.04229707896475618,0.0005582573563255198,0.042297079007292925,False,505108086.6967804
1 lap,157.46036040126071,0.16666666666666666,1.0934747250087549,50.0,linear,0.0,890,0.05820105820105825,35.29271786647822,507.9416444480748,3252.345425859039,8297.45982312001,938.5320331301181,0.0005573069671923865,9385.320328666976,True,5.673577997189333e-12
1 lap,157.46036040126071,0.20833333333333334,1.3668434062609438,50.0,nonlinear,0.0,945,0.0,33.83242895977269,358.9842132738588,3245.5492386359224,5891.564525082328,0.059243429396959646,0.0005140291473214519,0.059243429511458195,False,274907220.0474666
1 lap,157.46036040126071,0.20833333333333334,1.3668434062609438,50.0,linear,0.0,945,0.0,33.83242895977269,358.9842132738588,3245.5492386359224,5891.564525082328,948.228554730035,0.0005124169291944401,9482.285544685898,True,5.5911530622880986e-12
1 lap,157.46036040126071,0.25,1.6402120875131325,50.0,nonlinear,0.0,945,0.0,32.74568936886369,269.74800868635276,3259.5376817823676,4439.615606384206,0.07825581109823293,0.00048515303898741133,0.07825581135959717,False,170431879.5615865
1 lap,157.46036040126071,0.25,1.6402120875131325,50.0,linear,0.0,945,0.0,32.74568936886369,269.74800868635276,3259.5376817823676,4439.615606384206,952.78004240334,0.0004824465671340968,9527.800421081549,True,6.2845735295631315e-12
1 lap,157.46036040126071,0.2916666666666667,1.9135807687653215,50.0,nonlinear,0.0,945,0.0,31.486890923011845,206.3623893131286,3248.568102893967,3383.1435279481725,0.10092221522064161,0.0004635626414013,0.10092221577849762,False,113309727.38044329
1 lap,157.46036040126071,0.2916666666666667,1.9135807687653215,50.0,linear,0.0,945,0.0,31.486890923011845,206.3623893131286,3248.568102893967,3383.1435279481725,955.1076604690854,0.00045927318236431793,9551.076601570532,True,6.609124967427808e-12
1 lap,157.46036040126071,0.3333333333333333,2.1869494500175097,50.0,nonlinear,0.0,945,0.0,29.708354990241112,156.76494087701357,3247.2005484053957,2594.8732975314865,0.13013426969039402,0.0004464587643297099,0.13013427088329482,False,78286259.0210327
1 lap,157.46036040126071,0.3333333333333333,2.1869494500175097,50.0,linear,0.0,945,0.0,29.708354990241112,156.76494087701357,3247.2005484053957,2594.8732975314865,956.3445660138879,0.0004399457188931414,9563.4456566723,True,7.336478462568664e-12
1 lap,157.46036040126071,0.375,2.4603181312696987,50.0,nonlinear,0.0,945,0.0,27.22370651894525,116.13945690246264,3262.9078073061796,1945.79540511938,0.17110539672447778,0.000430340731708868,0.17110539943229783,False,55987876.60149516
1 lap,157.46036040126071,0.375,2.4603181312696987,50.0,linear,0.0,945,0.0,27.22370651894525,116.13945690246264,3262.9078073061796,1945.79540511938,957.0008854830453,0.0004209174581913259,9570.008851311308,True,7.437843283939514e-12
1 lap,157.46036040126071,0.4166666666666667,2.7336868125218876,50.0,nonlinear,0.0,945,0.0,23.969995437264192,81.29013418899801,3246.2036152637543,1381.0027519253451,0.2332396097087136,0.00040958237729097843,0.2332396165624628,False,42789658.014795884
1 lap,157.46036040126071,0.4166666666666667,2.7336868125218876,50.0,linear,0.0,945,0.0,23.969995437264192,81.29013418899801,3246.2036152637543,1381.0027519253451,957.3348360690633,0.0003975405543095085,9573.348357131792,True,7.52872122935051e-12
1 lap,157.46036040126071,0.4583333333333333,3.007055493774076,50.0,nonlinear,0.0,945,0.0,19.880835712369585,51.0317879774786,3250.2671179771132,912.1207322055966,0.3287293995451263,0.0003752116892355911,0.32872941872710704,False,38304087.78100597
1 lap,157.46036040126071,0.4583333333333333,3.007055493774076,50.0,linear,0.0,945,0.0,19.880835712369585,51.0317879774786,3250.2671179771132,912.1207322055966,957.48682212311,0.0003645557831735898,9574.868217082612,True,8.771240261704295e-12
1 lap,157.46036040126071,0.5,3.280424175026265,50.0,nonlinear,0.0,928,0.017989417989418,14.478957355767816,50.00000000000001,3256.5610187460734,550.0138914758287,0.45184352623530594,0.0003215411560334465,0.451843576043396,False,49357430.63501587
1 lap,157.46036040126071,0.5,3.280424175026265,50.0,linear,0.0,928,0.017989417989418,14.478957355767816,50.00000000000001,3256.5610187460734,550.0138914758287,957.5298185494697,0.00031874052020239616,9575.298180449276,True,1.074064197311573e-11
1 lap,157.46036040126071,0.5416666666666666,-3.0070554937740765,50.0,nonlinear,0.0,945,0.0,3.4496701308880477,49.99999999999786,3245.2561577721835,5276.235511969379,0.6080115243246708,0.0002553809108286143,0.6080116456928698,False,575602799.0914551
1 lap,157.46036040126071,0.5416666666666666,-3.0070554937740765,50.0,linear,0.0,945,0.0,3.4496701308880477,49.99999999999786,3245.2561577721835,5276.235511969379,957.4868221176301,0.00025206329022013044,9574.868211563798,True,2.0503790647845016e-11
1 lap,157.46036040126071,0.5833333333333334,-2.733686812521887,50.0,nonlinear,0.0,945,0.0,7.8397140025935625,50.00000000000064,3254.7435171678417,1917.150127971344,0.7266426844894893,0.00024651711485787183,0.7266428917221415,False,264363516.76992393
1 lap,157.46036040126071,0.5833333333333334,-2.733686812521887,50.0,linear,0.0,945,0.0,7.8397140025935625,50.00000000000064,3254.7435171678417,1917.150127971344,957.3348360600968,0.00021385178465897073,9573.3483480729,True,2.644105582700191e-11
1 lap,157.46036040126071,0.625,-2.4603181312696987,50.0,nonlinear,0.0,945,0.0,10.036010135263853,50.000000000005926,3251.6129870900263,1043.8988741256906,0.5453179109200483,0.0001929180171415139,0.5453179985683445,False,10942039892.425913
1 lap,157.46036040126071,0.625,-2.4603181312696987,50.0,linear,0.0,945,0.0,10.036010135263853,50.000000000005926,3251.6129870900263,1043.8988741256906,957.0008854106508,0.00013600564859796873,9570.008778732796,True,1.3586303249641915e-09
1 lap,157.46036040126071,0.6666666666666666,-2.18694945001751,50.0,nonlinear,0.0,927,0.01904761904761909,9.596777161693026,50.000000000005215,3245.727415170722,1123.2203120147433,0.4153899999289135,0.00020722486268254787,0.4153900387221614,False,390619467.3089122
1 lap,157.46036040126071,0.6666666666666666,-2.18694945001751,50.0,linear,0.0,927,0.01904761904761909,9.596777161693026,50.000000000005215,3245.727415170722,1123.2203120147433,956.3445659973274,0.00016785160149248158,9563.445639814761,True,4.277155525345748e-11
1 lap,157.46036040126071,0.7083333333333334,-1.913580768765321,50.0,nonlinear,0.0,945,0.0,5.630148489280575,51.0511261846339,3260.6218607929077,2158.5534423131044,0.3040533963064606,0.0002320978818246695,0.3040534115599248,False,846843380.9907587
1 lap,157.46036040126071,0.7083333333333334,-1.913580768765321,50.0,linear,0.0,945,0.0,5.630148489280575,51.0511261846339,3260.6218607929077,2158.5534423131044,955.1076604406448,0.00020423115836110171,9551.07657259103,True,6.796989818290115e-11
1 lap,157.46036040126071,0.75,-1.6402120875131325,50.0,nonlinear,0.0,927,0.01904761904761909,5.266645251230317,58.88610764054659,3248.0724091406564,2550.793912366805,0.2434738903039839,0.00028461378204373274,0.24347389817452603,False,691682858.354324
1 lap,157.46036040126071,0.75,-1.6402120875131325,50.0,linear,0.0,927,0.01904761904761909,5.266645251230317,58.88610764054659,3248.0724091406564,2550.793912366805,952.7800423585217,0.0002687526436138393,9527.800375254166,True,1.0260779957956727e-10
1 lap,157.46036040126071,0.7916666666666666,-1.366843406260944,50.0,nonlinear,0.0,945,0.0,21.70449746460674,65.65582137282217,3247.61654919358,1022.0774757719363,0.21177910320310506,0.000356176448439929,0.21177910843286743,False,122467147.53152123
1 lap,157.46036040126071,0.7916666666666666,-1.366843406260944,50.0,linear,0.0,945,0.0,21.70449746460674,65.65582137282217,3247.61654919358,1022.0774757719363,948.2285547284853,0.0003472971563783077,9482.285540992112,True,1.3412834680621453e-11
1 lap,157.46036040126071,0.8333333333333334,-1.0934747250087549,50.0,nonlinear,0.0,945,0.0,27.58589126801812,110.90737130491217,3261.7452564462674,1097.597407637111,0.18306695362803194,0.00043420110765015485,0.18306695707678158,False,82932707.59828979
1 lap,157.46036040126071,0.8333333333333334,-1.0934747250087549,50.0,linear,0.0,945,0.0,27.58589126801812,110.90737130491217,3261.7452564462674,1097.597407637111,938.53203313607,0.00042963550551559725,9385.320329493547,True,4.02851178950767e-12
1 lap,157.46036040126071,0.875,-0.8201060437565663,50.0,nonlinear,0.0,945,0.0,29.642695531862017,231.9675828235952,3245.94554476521,1166.848448320383,0.15205637787921186,0.0005367301871865229,0.15205637996153454,False,106784637.8428897
1 lap,157.46036040126071,0.875,-0.8201060437565663,50.0,linear,0.0,945,0.0,29.642695531862017,231.9675828235952,3245.94554476521,1166.848448320383,914.5425270655197,0.0005346804417138176,9145.425269946494,True,1.5710659830054616e-12
1 lap,157.46036040126071,0.9166666666666666,-0.5467373625043778,50.0,nonlinear,0.0,945,0.0,31.819782634479335,584.2595420344371,3250.9202050119175,1232.1539456984935,0.10886574748223371,0.0007001401815486339,0.10886574839097386,False,194693781.2016658
1 lap,157.46036040126071,0.9166666666666666,-0.5467373625043778,50.0,linear,0.0,945,0.0,31.819782634479335,584.2595420344371,3250.9202050119175,1232.1539456984935,839.3770982989834,0.0006992048633911626,8393.77098278422,True,4.966626831698607e-13
1 lap,157.46036040126071,0.9583333333333334,-0.2733686812521885,50.0,nonlinear,0.0,945,0.0,34.602045500492274,2668.8643055628763,3255.6325395509116,3798.4661247718404,0.040638443648335125,0.0010608659935580035,0.040638443760940175,False,472477759.17215633
1 lap,157.46036040126071,0.9583333333333334,-0.2733686812521885,50.0,linear,0.0,945,0.0,34.602045500492274,2668.8643055628763,3255.6325395509116,3798.4661247718404,543.8708283211206,0.0010602742839061104,5438.708283185389,True,6.598784119459888e-14
1 lap,157.46036040126071,0.0,0.0,200.0,nonlinear,0.0,702,0.2571428571428571,200.00000000000003,52181.1906273514,3245.236168691912,203071.6525657395,0.054240591821728815,0.00929574103291412,0.054240778135359276,False,29508692.412688877
1 lap,157.46036040126071,0.0,0.0,200.0,linear,0.0,702,0.2571428571428571,200.00000000000003,52181.1906273514,3245.236168691912,203071.6525657395,18.98189563013376,0.008885927940409261,189.81893656138897,True,8.076148038502388e-18
1 lap,157.46036040126071,0.041666666666666664,0.2733686812521887,200.0,nonlinear,0.0,927,0.01904761904761909,188.1188486213933,15783.013022300338,3257.52891146462,216035.8408492314,0.008336444794630516,0.0038467404438216504,0.008336444795379367,False,4858880382.057026
1 lap,157.46036040126071,0.041666666666666664,0.2733686812521887,200.0,linear,0.0,927,0.01904761904761909,188.1188486213933,15783.013022300338,3257.52891146462,216035.8408492314,543.8708280751194,0.0038419520496797217,5438.708280590902,True,1.5064191506923912e-15
1 lap,157.46036040126071,0.08333333333333333,0.5467373625043774,200.0,nonlinear,0.0,784,0.1703703703703704,167.93881067611758,6062.298679804275,3245.3161223856455,95261.54626323303,0.01395829745879439,0.0029310441741091887,0.013958297460637377,False,3765842144.6666327
1 lap,157.46036040126071,0.08333333333333333,0.5467373625043774,200.0,linear,0.0,784,0.1703703703703704,167.93881067611758,6062.298679804275,3245.3161223856455,95261.54626323303,839.3770982411787,0.0029265922636034676,8393.77098239225,True,1.0320524430577977e-14
1 lap,157.46036040126071,0.125,0.8201060437565663,200.0,nonlinear,0.0,830,0.12169312169312174,151.67035584756925,3169.0065510840604,3253.8940005575973,51383.109737251616,0.02699235123660785,0.002503736526839444,0.026992351248220067,False,1153931142.018319
1 lap,157.46036040126071,0.125,0.8201060437565663,200.0,linear,0.0,830,0.12169312169312174,151.67035584756925,3169.0065510840604,3253.8940005575973,51383.109737251616,914.5425270513077,0.002498267624284367,9145.425270502516,True,1.7420894678179993e-14
1 lap,157.46036040126071,0.16666666666666666,1.0934747250087549,200.0,nonlinear,0.0,891,0.05714285714285716,141.49784335681431,2020.1348855737658,3252.345425859039,32903.64972937747,0.04225595801910187,0.0022357055482313086,0.042255958061528265,False,501771109.5860308
1 lap,157.46036040126071,0.16666666666666666,1.0934747250087549,200.0,linear,0.0,891,0.05714285714285716,141.49784335681431,2020.1348855737658,3252.345425859039,32903.64972937747,938.5320331328543,0.0022291474789361753,9385.32033131716,True,2.2735833755003123e-14
1 lap,157.46036040126071,0.20833333333333334,1.3668434062609438,200.0,nonlinear,0.0,945,0.0,135.63234577436293,1438.9102081879312,3245.5492386359224,23414.092444857575,0.05906395157534568,0.0020586361924854403,0.059063951688868306,False,273648222.9547429
1 lap,157.46036040126071,0.20833333333333334,1.3668434062609438,200.0,linear,0.0,945,0.0,135.63234577436293,1438.9102081879312,3245.5492386359224,23414.092444857575,948.2285547327069,0.002050022580649628,9482.285547315558,True,2.3727717708551906e-14
1 lap,157.46036040126071,0.25,1.6402120875131325,200.0,nonlinear,0.0,945,0.0,131.27269243485603,1077.993179434565,3259.5376817823676,17652.926533460795,0.0779734365502846,0.0019427098429373882,0.07797343680895236,False,169795818.78283438
1 lap,157.46036040126071,0.25,1.6402120875131325,200.0,linear,0.0,945,0.0,131.27269243485603,1077.993179434565,3259.5376817823676,17652.926533460795,952.7800424063329,0.0019302380270566082,9527.800424050405,True,2.68920595277941e-14
1 lap,157.46036040126071,0.2916666666666667,1.9135807687653215,200.0,nonlinear,0.0,945,0.0,126.24096123535391,827.1829425313601,3248.568102893967,13587.947360615357,0.10053899419216378,0.001855891867368456,0.10053899474391012,False,112936513.47323534
1 lap,157.46036040126071,0.2916666666666667,1.9135807687653215,200.0,linear,0.0,945,0.0,126.24096123535391,827.1829425313601,3248.568102893967,13587.947360615357,955.1076604722437,0.0018375275941593838,9551.07660471004,True,2.585511346258617e-14
1 lap,157.46036040126071,0.3333333333333333,2.1869494500175097,200.0,nonlinear,0.0,945,0.0,119.14961893491432,630.1410569662023,3247.2005484053957,10319.683945527078,0.1296161894600387,0.0017869632336254067,0.1296161906391687,False,78035015.36932133
1 lap,157.46036040126071,0.3333333333333333,2.1869494500175097,200.0,linear,0.0,945,0.0,119.14961893491432,630.1410569662023,3247.2005484053957,10319.683945527078,956.3445660173944,0.0017599570515567126,9563.445660161899,True,2.517314979271017e-14
1 lap,157.46036040126071,0.375,2.4603181312696987,200.0,nonlinear,0.0,945,0.0,109.25496797365412,465.96724123686647,3262.9078073061796,7795.423767549472,0.17037047143469583,0.0017219697158397606,0.17037047410865558,False,55776437.842592634
1 lap,157.46036040126071,0.375,2.4603181312696987,200.0,linear,0.0,945,0.0,109.25496797365412,465.96724123686647,3262.9078073061796,7795.423767549472,957.0008854865947,0.0016834897504303867,9570.008854852802,True,2.7510436961260986e-14
1 lap,157.46036040126071,0.4166666666666667,2.7336868125218876,200.0,nonlinear,0.0,945,0.0,96.31003636200346,327.1971787544803,3246.2036152637543,5560.20182531318,0.2321297323495616,0.001638494115254034,0.23212973910797471,False,42545143.00422134
1 lap,157.46036040126071,0.4166666666666667,2.7336868125218876,200.0,linear,0.0,945,0.0,96.31003636200346,327.1971787544803,3246.2036152637543,5560.20182531318,957.3348360726551,0.0015894826449705495,9573.34836071113,True,3.2324754426494206e-14
1 lap,157.46036040126071,0.4583333333333333,3.007055493774076,200.0,nonlinear,0.0,945,0.0,80.07247780932848,206.24826291137109,3250.2671179771132,3671.315325331059,0.3270452930778793,0.001500866267615069,0.32704531197152176,False,37897684.66228617
1 lap,157.46036040126071,0.4583333333333333,3.007055493774076,200.0,linear,0.0,945,0.0,80.07247780932848,206.24826291137109,3250.2671179771132,3671.315325331059,957.486822127294,0.0014569335151990112,9574.868221255905,True,3.5945850000067915e-14
1 lap,157.46036040126071,0.5,3.280424175026265,200.0,nonlinear,0.0,928,0.017989417989418,58.71147188052826,200.00000000000003,3256.5610187460734,2223.7762898614387,0.44933916839372895,0.0012865380853440901,0.4493392173899664,False,48160669.43747052
1 lap,157.46036040126071,0.5,3.280424175026265,200.0,linear,0.0,928,0.017989417989418,58.71147188052826,200.00000000000003,3256.5610187460734,2223.7762898614387,957.5298185545574,0.0012730828464568242,9575.298185525402,True,4.244454939730228e-14
1 lap,157.46036040126071,0.5416666666666666,-3.0070554937740765,200.0,nonlinear,0.0,945,0.0,15.684318434604016,200.0000000000012,3245.2561577721835,19335.907120806256,0.6038615919542266,0.0010221826627031362,0.6038617108789944,False,470656956.9716746
1 lap,157.46036040126071,0.5416666666666666,-3.0070554937740765,200.0,linear,0.0,945,0.0,15.684318434604016,200.0000000000012,3245.2561577721835,19335.907120806256,957.4868221273026,0.0010056030111879422,9574.868221232648,True,8.557030463450859e-14
1 lap,157.46036040126071,0.5833333333333334,-2.733686812521887,200.0,nonlinear,0.0,945,0.0,30.918408994649017,199.99999999999997,3254.7435171678417,7838.697856406668,0.7277706280092325,0.0009749252346022623,0.7277708362346469,False,272969623.0596669
1 lap,157.46036040126071,0.5833333333333334,-2.733686812521887,200.0,linear,0.0,945,0.0,30.918408994649017,199.99999999999997,3254.7435171678417,7838.697856406668,957.3348360726994,0.0008429631487579969,9573.348360676933,True,1.0578948168488311e-13
1 lap,157.46036040126071,0.625,-2.4603181312696987,200.0,nonlinear,0.0,945,0.0,39.89064643600885,200.00000000000048,3251.6129870900263,4186.34109011024,0.5494379043601914,0.0007771925801710019,0.5494379940177703,False,2962994544.1884995
1 lap,157.46036040126071,0.625,-2.4603181312696987,200.0,linear,0.0,945,0.0,39.89064643600885,200.00000000000048,3251.6129870900263,4186.34109011024,957.0008854864552,0.0005458490853791746,9570.008854562784,True,6.979899955462276e-13
1 lap,157.46036040126071,0.6666666666666666,-2.18694945001751,200.0,nonlinear,0.0,927,0.01904761904761909,38.36768785772452,200.00000000000347,3245.727415170722,4487.354959834057,0.417771680519576,0.0008247529872476457,0.4177717199871019,False,402124570.9513927
1 lap,157.46036040126071,0.6666666666666666,-2.18694945001751,200.0,linear,0.0,927,0.01904761904761909,38.36768785772452,200.00000000000347,3245.727415170722,4487.354959834057,956.3445660176061,0.0006685964793615982,9563.445660095436,True,1.7059274746682163e-13
1 lap,157.46036040126071,0.7083333333333334,-1.913580768765321,200.0,nonlinear,0.0,945,0.0,22.81391363149448,202.38269521809914,3260.6218607929077,8557.28531230729,0.306244173612522,0.0009245948806612784,0.3062441892000536,False,826679539.1417575
1 lap,157.46036040126071,0.7083333333333334,-1.913580768765321,200.0,linear,0.0,945,0.0,22.81391363149448,202.38269521809914,3260.6218607929077,8557.28531230729,955.1076604726393,0.0008148677066527253,9551.07660458642,True,2.992279361884142e-13
1 lap,157.46036040126071,0.75,-1.6402120875131325,200.0,nonlinear,0.0,927,0.01904761904761909,20.248694494097997,233.69380744595404,3248.0724091406564,10397.660773132518,0.24451192584398326,0.0011337860481286388,0.24451193381715908,False,731107452.8689805
1 lap,157.46036040126071,0.75,-1.6402120875131325,200.0,linear,0.0,927,0.01904761904761909,20.248694494097997,233.69380744595404,3248.0724091406564,10397.660773132518,952.7800424071472,0.0010747929514762413,9527.800423872564,True,4.2272508862800016e-13
1 lap,157.46036040126071,0.7916666666666666,-1.366843406260944,200.0,nonlinear,0.0,945,0.0,85.40632414325123,260.7494618866044,3247.61654919358,4073.1199326611404,0.21292753838555253,0.0014212578294097932,0.21292754370282663,False,125942253.34798099
1 lap,157.46036040126071,0.7916666666666666,-1.366843406260944,200.0,linear,0.0,945,0.0,85.40632414325123,260.7494618866044,3247.61654919358,4073.1199326611404,948.228554734813,0.0013890956002446772,9482.285547323749,True,5.196550310879846e-14
1 lap,157.46036040126071,0.8333333333333334,-1.0934747250087549,200.0,nonlinear,0.0,945,0.0,109.67767440187653,440.5881448742953,3261.7452564462674,4377.63513733862,0.18425151373450588,0.0017334963601323395,0.18425151725366165,False,84140166.70620012
1 lap,157.46036040126071,0.8333333333333334,-1.0934747250087549,200.0,linear,0.0,945,0.0,109.67767440187653,440.5881448742953,3261.7452564462674,4377.63513733862,938.5320331379558,0.0017181986438215865,9385.320331371833,True,1.6381771264209897e-14
1 lap,157.46036040126071,0.875,-0.8201060437565663,200.0,nonlinear,0.0,945,0.0,117.86272738346352,923.7631242663621,3245.94554476521,4660.422587838544,0.15332513696724773,0.002143264007572037,0.153325139107046,False,107800631.65851551
1 lap,157.46036040126071,0.875,-0.8201060437565663,200.0,linear,0.0,945,0.0,117.86272738346352,923.7631242663621,3245.94554476521,4660.422587838544,914.5425270662982,0.0021382382183156696,9145.425270659527,True,6.1125198077951024e-15
1 lap,157.46036040126071,0.9166666666666666,-0.5467373625043778,200.0,nonlinear,0.0,945,0.0,126.4178738762207,2347.3911009730796,3250.9202050119175,4934.72915213805,0.11050511816268727,0.002796013274993889,0.11050511911990747,False,196318069.3805411
1 lap,157.46036040126071,0.9166666666666666,-0.5467373625043778,200.0,linear,0.0,945,0.0,126.4178738762207,2347.3911009730796,3250.9202050119175,4934.72915213805,839.3770982996997,0.002796311930873329,8393.770982990396,True,2.0147125533750273e-15
1 lap,157.46036040126071,0.9583333333333334,-0.2733686812521885,200.0,nonlinear,0.0,945,0.0,137.40705110148525,12229.16182056365,3255.6325395509116,20972.69616049932,0.04358348304662758,0.004236801054694072,0.04358348318758928,False,496093158.57825017
1 lap,157.46036040126071,0.9583333333333334,-0.2733686812521885,200.0,linear,0.0,945,0.0,137.40705110148525,12229.16182056365,3255.6325395509116,20972.69616049932,543.870828333633,0.004241936968661421,5438.708283203457,True,2.5988903621115944e-16
